experiment_name,loss_mode,repeat_idx,seed,epoch,train_loss,val_loss,bce_weight,dice_weight,dice_smooth,soft_bce_smooth,iou_class_0,iou_class_1,iou_class_2,iou_class_3,iou_class_4,iou_class_5,iou_class_6,iou_class_7,iou_class_8,miou,macro_f1,rare_miou
soft_bce_dice__mix_weight-0.8__dice_smooth-1e-06__soft_bce_smooth-0e+00,soft_bce_dice,0,42,1,0.3016955005973577,0.2824540311098099,0.8,0.19999999999999996,1e-06,0.0,0.0,0.10178627986748072,0.0,0.0022157438803422826,0.0,0.0,0.0,0.0,0.0,0.011555780416424778,0.021020846015669965,0.0208004047495646
soft_bce_dice__mix_weight-0.8__dice_smooth-1e-06__soft_bce_smooth-0e+00,soft_bce_dice,0,42,2,0.28703764659166336,0.2801656616032124,0.8,0.19999999999999996,1e-06,0.0,0.0,0.144712061324738,0.0,0.0020161566447901777,0.0,0.0,0.0,0.0,0.0,0.016303135329947576,0.028539993468378846,0.029345643593905634
soft_bce_dice__mix_weight-0.8__dice_smooth-1e-06__soft_bce_smooth-0e+00,soft_bce_dice,0,42,3,0.2830519127547741,0.2725980605483055,0.8,0.19999999999999996,1e-06,0.0,0.0,0.5324886611127494,0.0,0.010553074115833005,0.0,0.0,0.0,0.0,0.0,0.060337970580953595,0.07953544301183338,0.10860834704571647
soft_bce_dice__mix_weight-0.8__dice_smooth-1e-06__soft_bce_smooth-0e+00,soft_bce_dice,0,42,4,0.27963864436745645,0.2701138362586498,0.8,0.19999999999999996,1e-06,0.0,0.0,0.448333255540832,0.0,0.004446520968064996,0.0,0.0,0.0,0.0,0.0,0.050308864056544104,0.06977289069887697,0.09055595530177939
soft_bce_dice__mix_weight-0.8__dice_smooth-1e-06__soft_bce_smooth-0e+00,soft_bce_dice,0,42,5,0.2793138294667006,0.2729860104620457,0.8,0.19999999999999996,1e-06,0.0,0.0,0.517785507566389,0.0,0.004891954801451993,0.0,0.0,0.0002394145314271245,0.0,0.0,0.058101875211029795,0.07694508294230117,0.10453549247356819
