experiment_name,loss_mode,repeat_idx,seed,epoch,train_loss,val_loss,bce_weight,dice_weight,dice_smooth,soft_bce_smooth,iou_class_0,iou_class_1,iou_class_2,iou_class_3,iou_class_4,iou_class_5,iou_class_6,iou_class_7,iou_class_8,miou,macro_f1,rare_miou
soft_bce_dice__mix_weight-0.2__dice_smooth-1e-05__soft_bce_smooth-0.05,soft_bce_dice,1,43,1,0.8226902302503586,0.8165454740524292,0.2,0.8,1e-05,0.05,0.0,0.4301171558024215,0.0,0.12050024211411504,0.0,0.0,0.0,0.0,0.0,0.06117971087961517,0.0907329015031193,0.1101234795833073
soft_bce_dice__mix_weight-0.2__dice_smooth-1e-05__soft_bce_smooth-0.05,soft_bce_dice,1,43,2,0.818581292450428,0.8159426058530808,0.2,0.8,1e-05,0.05,0.0,0.5004468225290412,0.0,0.060088895688347535,0.0,0.0,0.36706132478330483,0.0,0.015572986843875841,0.10479666998272992,0.14978952303727996,0.11210714364347774
soft_bce_dice__mix_weight-0.2__dice_smooth-1e-05__soft_bce_smooth-0.05,soft_bce_dice,1,43,3,0.8161552982330322,0.815978679895401,0.2,0.8,1e-05,0.05,0.0,0.4247364939141957,0.0,0.07977800024967728,0.0,0.0,0.41827239681196354,0.03682093905134488,0.03946291318853009,0.11100786035730127,0.16453208420207854,0.10090289883277459
soft_bce_dice__mix_weight-0.2__dice_smooth-1e-05__soft_bce_smooth-0.05,soft_bce_dice,1,43,4,0.8146187697052956,0.8114929696321488,0.2,0.8,1e-05,0.05,0.010255039654451665,0.5255154613322548,1.8346700214918488e-05,0.0924087795548994,0.030537812561313247,0.0,0.2726744180746254,0.05394526930596337,0.04612459820412557,0.11460885837642759,0.17297909614032528,0.12969608002973648
soft_bce_dice__mix_weight-0.2__dice_smooth-1e-05__soft_bce_smooth-0.05,soft_bce_dice,1,43,5,0.8131778299212455,0.8102717374563218,0.2,0.8,1e-05,0.05,0.061976329566520307,0.47831584553185374,2.6208839018321727e-06,0.10518169445721,0.10366361788617881,0.0,0.34257855372650486,0.044339834741731775,0.07618474135304518,0.1346936931274385,0.20876183643795537,0.1374327557518289
