experiment_name,loss_mode,repeat_idx,seed,epoch,train_loss,val_loss,bce_weight,dice_weight,dice_smooth,soft_bce_smooth,iou_class_0,iou_class_1,iou_class_2,iou_class_3,iou_class_4,iou_class_5,iou_class_6,iou_class_7,iou_class_8,miou,macro_f1,rare_miou
soft_bce_dice__mix_weight-0.8__dice_smooth-1e-07__soft_bce_smooth-0.05,soft_bce_dice,1,43,1,0.36483662042021753,0.3525282480120659,0.8,0.19999999999999996,1e-07,0.05,0.0,0.5179281721614638,0.0,0.0017920534028290072,0.0,0.0,0.0,0.0,0.0,0.05774669172936586,0.0762213659992795,0.10394404511285855
soft_bce_dice__mix_weight-0.8__dice_smooth-1e-07__soft_bce_smooth-0.05,soft_bce_dice,1,43,2,0.3532720354497433,0.3439742063879967,0.8,0.19999999999999996,1e-07,0.05,0.0,0.4543886423231551,0.0,0.0028706897682701836,0.0,0.0,0.0,0.0,0.0,0.05080659245460281,0.07006407693986179,0.09145186641828507
soft_bce_dice__mix_weight-0.8__dice_smooth-1e-07__soft_bce_smooth-0.05,soft_bce_dice,1,43,3,0.3514014925956726,0.344308022916317,0.8,0.19999999999999996,1e-07,0.05,0.0,0.40161278218005025,0.0,0.01036005815943643,0.0,0.0,0.0,0.0,0.0,0.04577476003772074,0.06595333663367747,0.08239456806789733
soft_bce_dice__mix_weight-0.8__dice_smooth-1e-07__soft_bce_smooth-0.05,soft_bce_dice,1,43,4,0.3504154880940914,0.34295689570903776,0.8,0.19999999999999996,1e-07,0.05,0.0,0.4396429612340434,0.0,0.008721807036620718,0.0,0.0,0.0,0.0,0.0,0.04981830758562935,0.06978438325680336,0.08967295365413283
soft_bce_dice__mix_weight-0.8__dice_smooth-1e-07__soft_bce_smooth-0.05,soft_bce_dice,1,43,5,0.3499545151889324,0.34140321069955826,0.8,0.19999999999999996,1e-07,0.05,0.0,0.5467294034481506,0.0,0.0022632146501353726,0.0,0.0,0.0,0.0,5.309640537335622e-05,0.061005079389295475,0.07906348850285276,0.10979852361965718
