experiment_name,loss_mode,repeat_idx,seed,epoch,train_loss,val_loss,bce_weight,dice_weight,dice_smooth,soft_bce_smooth,iou_class_0,iou_class_1,iou_class_2,iou_class_3,iou_class_4,iou_class_5,iou_class_6,iou_class_7,iou_class_8,miou,macro_f1,rare_miou
soft_bce_dice__mix_weight-0.2__dice_smooth-1e-06__soft_bce_smooth-0.05,soft_bce_dice,0,42,1,0.8224205418825149,0.8164762324094772,0.2,0.8,1e-06,0.05,0.0,0.481220519410492,0.0,0.060309246372889695,0.0,0.0,0.06259864951223831,0.07588853637664747,0.0,0.07555743907469638,0.11360146497813078,0.10830595315667632
soft_bce_dice__mix_weight-0.2__dice_smooth-1e-06__soft_bce_smooth-0.05,soft_bce_dice,0,42,2,0.8178545705676079,0.8161671732664109,0.2,0.8,1e-06,0.05,0.0,0.40443236796433446,0.0,0.030803108314893926,0.03212520062136222,0.0,0.2710679711001722,0.06854301231711205,0.015570458558971776,0.09139356876409406,0.1426032156420895,0.09347213538011812
soft_bce_dice__mix_weight-0.2__dice_smooth-1e-06__soft_bce_smooth-0.05,soft_bce_dice,0,42,3,0.8162392683029175,0.8147616591453553,0.2,0.8,1e-06,0.05,0.0,0.4253618742491853,0.0,0.058431449342372946,0.02941314542183683,0.0,0.3333366860935171,0.0552266816655436,0.008747483693074935,0.10116859116283676,0.15404712087240424,0.10264129380267902
soft_bce_dice__mix_weight-0.2__dice_smooth-1e-06__soft_bce_smooth-0.05,soft_bce_dice,0,42,4,0.8148533051609993,0.8114649268388748,0.2,0.8,1e-06,0.05,0.0,0.4922712506848071,0.0,0.07616842784794733,0.10871019534385867,0.0,0.36619227276431265,0.033668795163140704,0.11819181903211741,0.13280030675957596,0.2011152900754097,0.13542997477532262
soft_bce_dice__mix_weight-0.2__dice_smooth-1e-06__soft_bce_smooth-0.05,soft_bce_dice,0,42,5,0.8131114891767501,0.8097639969587326,0.2,0.8,1e-06,0.05,0.05796390094560643,0.44958492872110595,0.0,0.0876958774084344,0.09598236441120249,0.0,0.4083219454661289,0.05950601040607617,0.11894171524779266,0.1419996380673719,0.21900774448870272,0.12665263410814856
