experiment_name,loss_mode,repeat_idx,seed,epoch,train_loss,val_loss,bce_weight,tversky_weight,tversky_alpha,tversky_beta,iou_class_0,iou_class_1,iou_class_2,iou_class_3,iou_class_4,iou_class_5,iou_class_6,iou_class_7,iou_class_8,miou,macro_f1,rare_miou
bce_tversky__mix_weight-0.5__alpha-0.2__beta-0.8,bce_tversky,0,42,1,0.5528949835300445,0.5404290393590927,0.5,0.5,0.2,0.8,0.0,0.3378016603189665,0.0,0.01060495710540847,0.0,0.0,0.0,0.017943448155684133,0.0,0.04070556284222879,0.06236130384095437,0.069681323484875
bce_tversky__mix_weight-0.5__alpha-0.2__beta-0.8,bce_tversky,0,42,2,0.5428579416871071,0.5376696509122848,0.5,0.5,0.2,0.8,0.0,0.4150552817817251,0.0,0.003040432986595118,0.0,0.0,0.0,0.04042625881604132,0.0,0.05094688595381795,0.07448900493091971,0.08361914295366404
bce_tversky__mix_weight-0.5__alpha-0.2__beta-0.8,bce_tversky,0,42,3,0.5404868375062942,0.5343593263626099,0.5,0.5,0.2,0.8,0.0,0.5015554252015422,0.0,0.025258830697255128,0.0,0.0,0.0,0.03736134288799449,0.0,0.06268617764297686,0.08770582312377415,0.10536285117975945
bce_tversky__mix_weight-0.5__alpha-0.2__beta-0.8,bce_tversky,0,42,4,0.538176887691021,0.5329499275684356,0.5,0.5,0.2,0.8,0.0,0.47600646161352406,0.0,0.04966873249971081,0.014606826610156654,0.0,0.17878959878877693,0.05200417014571921,0.0,0.08567508773976529,0.13007040622202692,0.10805640414467829
bce_tversky__mix_weight-0.5__alpha-0.2__beta-0.8,bce_tversky,0,42,5,0.5365403220057487,0.5331466532945633,0.5,0.5,0.2,0.8,0.026139384763116565,0.485950871308936,0.0,0.017449857933148516,0.05272999901579929,0.0,0.1685522819670166,0.0004765906854706459,0.030316456906038097,0.08684616028661399,0.13197426576375937,0.11122614565157678
