experiment_name,loss_mode,repeat_idx,seed,epoch,train_loss,val_loss,bce_weight,dice_weight,dice_smooth,soft_bce_smooth,iou_class_0,iou_class_1,iou_class_2,iou_class_3,iou_class_4,iou_class_5,iou_class_6,iou_class_7,iou_class_8,miou,macro_f1,rare_miou
soft_bce_dice__mix_weight-0.8__dice_smooth-1e-07__soft_bce_smooth-0e+00,soft_bce_dice,0,42,1,0.30102048806846143,0.28215640619397164,0.8,0.19999999999999996,1e-07,0.0,0.0,0.19052480780058673,0.0,0.0,0.0,0.0,0.0,0.0,0.0,0.02116942308895408,0.03556317844071329,0.03810496156011735
soft_bce_dice__mix_weight-0.8__dice_smooth-1e-07__soft_bce_smooth-0e+00,soft_bce_dice,0,42,2,0.28626229472458364,0.2795330339670181,0.8,0.19999999999999996,1e-07,0.0,0.0,0.28687281135292014,0.0,0.0016948377780776102,0.0,0.0,0.0,0.0,0.0,0.03206307212566642,0.04991431065438252,0.05771352982619955
soft_bce_dice__mix_weight-0.8__dice_smooth-1e-07__soft_bce_smooth-0e+00,soft_bce_dice,0,42,3,0.2826783693879843,0.27150810867547986,0.8,0.19999999999999996,1e-07,0.0,0.0,0.5416546411688274,0.0,0.010025876099962203,0.0,0.0,0.0,0.0,0.0,0.061297835252087735,0.08028281051792759,0.11033610345375792
soft_bce_dice__mix_weight-0.8__dice_smooth-1e-07__soft_bce_smooth-0e+00,soft_bce_dice,0,42,4,0.27975735419988634,0.26876322931051255,0.8,0.19999999999999996,1e-07,0.0,0.0,0.42514521868215666,0.0,0.005689038267847107,0.0,0.0,0.0,0.0,0.0,0.047870472994444864,0.06754977271624883,0.08616685139000076
soft_bce_dice__mix_weight-0.8__dice_smooth-1e-07__soft_bce_smooth-0e+00,soft_bce_dice,0,42,5,0.27949219873547554,0.27131113600730894,0.8,0.19999999999999996,1e-07,0.0,0.0,0.5444079836948047,0.0,0.006706552825685308,0.0,0.0,0.0,0.0,0.0,0.06123494850227667,0.07981434984763837,0.110222907304098
