experiment_name,loss_mode,repeat_idx,seed,epoch,train_loss,val_loss,bce_weight,dice_weight,dice_smooth,soft_bce_smooth,iou_class_0,iou_class_1,iou_class_2,iou_class_3,iou_class_4,iou_class_5,iou_class_6,iou_class_7,iou_class_8,miou,macro_f1,rare_miou
soft_bce_dice__mix_weight-0.5__dice_smooth-1e-06__soft_bce_smooth-0e+00,soft_bce_dice,1,43,1,0.5557341976165772,0.5399770188331604,0.5,0.5,1e-06,0.0,0.0,0.49258083858131924,0.0,0.020833827152300092,0.0,0.0,0.0,0.0,0.0,0.05704607397040215,0.07787292777849633,0.10268293314672387
soft_bce_dice__mix_weight-0.5__dice_smooth-1e-06__soft_bce_smooth-0e+00,soft_bce_dice,1,43,2,0.5454441863298416,0.5370055739879608,0.5,0.5,1e-06,0.0,0.0,0.5208150581513125,0.0,0.023162706681235927,0.0,0.0,0.3373626591400634,0.0,0.0,0.09792671377473464,0.13719019122569687,0.10879555296650967
soft_bce_dice__mix_weight-0.5__dice_smooth-1e-06__soft_bce_smooth-0e+00,soft_bce_dice,1,43,3,0.5429029254317284,0.536454102396965,0.5,0.5,1e-06,0.0,0.0,0.46028801822138776,0.0,0.03032764047389444,0.0,0.0,0.37234704898434,0.10694696365087422,0.0,0.10776774125894405,0.15834982915116555,0.09812313173905644
soft_bce_dice__mix_weight-0.5__dice_smooth-1e-06__soft_bce_smooth-0e+00,soft_bce_dice,1,43,4,0.5417510474324226,0.5351317499876023,0.5,0.5,1e-06,0.0,0.0,0.48774837123931664,0.0,0.009327043619393875,0.0,0.0,0.12786096707035796,0.02970447034760952,0.0,0.07273787247518644,0.10651058678591797,0.09941508297174209
soft_bce_dice__mix_weight-0.5__dice_smooth-1e-06__soft_bce_smooth-0e+00,soft_bce_dice,1,43,5,0.5409056307077408,0.5316087457537652,0.5,0.5,1e-06,0.0,0.0,0.5263923103579168,0.0,0.0036310638193839014,0.0,0.0,0.3413753675731821,0.0003733523084153609,0.005105989385505277,0.09743089816048928,0.13520625447706217,0.10600467483546014
