experiment_name,loss_mode,repeat_idx,seed,epoch,train_loss,val_loss,bce_weight,dice_weight,dice_smooth,iou_class_0,iou_class_1,iou_class_2,iou_class_3,iou_class_4,iou_class_5,iou_class_6,iou_class_7,iou_class_8,miou,macro_f1,rare_miou
bce_dice__mix_weight-0.5__dice_smooth-1e-05,bce_dice,1,43,1,0.5561982650756836,0.5423828693628311,0.5,0.5,1e-05,0.0,0.4991795790441997,0.0,0.014481319818381157,0.0,0.0,0.0,0.0,0.0,0.057073433206953426,0.07716513487921145,0.10273217977251617
bce_dice__mix_weight-0.5__dice_smooth-1e-05,bce_dice,1,43,2,0.545156391620636,0.5361548562049866,0.5,0.5,1e-05,0.0,0.4429361019013131,0.0,0.01123739750050167,0.0,0.0,0.33647585052344914,0.0,0.0,0.08784992776947377,0.12663214439630746,0.09083469988036295
bce_dice__mix_weight-0.5__dice_smooth-1e-05,bce_dice,1,43,3,0.5423000847697258,0.5366200051903725,0.5,0.5,1e-05,0.0,0.49022409455932353,0.0,0.011848199427979695,0.0,0.0,0.38059380456827524,0.07593504915497622,0.0,0.10651123863450608,0.1526487346942038,0.10041445879746065
bce_dice__mix_weight-0.5__dice_smooth-1e-05,bce_dice,1,43,4,0.5410814570188522,0.5354121541380882,0.5,0.5,1e-05,0.0,0.4326825651645418,0.0,0.0037028777665111066,0.0,0.0,0.31074174365418533,0.07893161270314389,0.0,0.09178431103204246,0.13687295415689116,0.08727708858621058
bce_dice__mix_weight-0.5__dice_smooth-1e-05,bce_dice,1,43,5,0.5404611456394196,0.530835486292839,0.5,0.5,1e-05,0.0,0.5661302134767447,0.0,0.003831632636479162,0.0,0.0,0.3434281280572142,0.0,0.002305695610906346,0.10174396330903827,0.13849700925021818,0.11399236922264477
