experiment_name,loss_mode,repeat_idx,seed,epoch,train_loss,val_loss,bce_weight,dice_weight,dice_smooth,iou_class_0,iou_class_1,iou_class_2,iou_class_3,iou_class_4,iou_class_5,iou_class_6,iou_class_7,iou_class_8,miou,macro_f1,rare_miou
bce_dice__mix_weight-0.2__dice_smooth-1e-07,bce_dice,2,44,1,0.8075983890891075,0.798879477262497,0.2,0.8,1e-07,0.0,0.48740633968510294,0.0,0.1409643169440414,0.0,0.0,0.03414231192072553,0.0,0.0,0.07361255206109665,0.10761161366224803,0.1256741313258289
bce_dice__mix_weight-0.2__dice_smooth-1e-07,bce_dice,2,44,2,0.8007240687608719,0.79697325861454,0.2,0.8,1e-07,0.0,0.5311031327876189,0.0,0.08589913463329486,0.00847709593777009,0.0,0.34081905811864377,0.029819064768280102,5.714680529986575e-05,0.11068607033898974,0.15946358166330882,0.12509587267173677
bce_dice__mix_weight-0.2__dice_smooth-1e-07,bce_dice,2,44,3,0.7985899909734726,0.7969208492040634,0.2,0.8,1e-07,0.0,0.5434509727515732,0.0,0.04513468369040475,0.07195615514333893,0.0,0.3643017638765173,0.02713967833648408,0.034870240232969016,0.1207614993368097,0.17545665564057622,0.13210836231706338
bce_dice__mix_weight-0.2__dice_smooth-1e-07,bce_dice,2,44,4,0.7972890838980675,0.7941632128953934,0.2,0.8,1e-07,0.0,0.5202921338643282,8.736722366183991e-07,0.15587124616215586,0.05408678026320284,0.0,0.2994185636361172,0.07532109669124881,0.04510063149230073,0.12778792508684336,0.1937823085990592,0.1460502067923847
bce_dice__mix_weight-0.2__dice_smooth-1e-07,bce_dice,2,44,5,0.794753035902977,0.7922921589612961,0.2,0.8,1e-07,0.07558783837421608,0.4691401000269912,0.004999534891522979,0.12151491368513179,0.06442495296495017,0.0,0.26260425204297677,0.04730774589621108,0.06579159711560771,0.12348565944417864,0.1951871110992545,0.13201590031371924
