experiment_name,loss_mode,repeat_idx,seed,epoch,train_loss,val_loss,bce_weight,dice_weight,dice_smooth,soft_bce_smooth,iou_class_0,iou_class_1,iou_class_2,iou_class_3,iou_class_4,iou_class_5,iou_class_6,iou_class_7,iou_class_8,miou,macro_f1,rare_miou
soft_bce_dice__mix_weight-0.2__dice_smooth-1e-06__soft_bce_smooth-0.1,soft_bce_dice,2,44,1,0.834278011739254,0.8278629297018051,0.2,0.8,1e-06,0.1,0.0,0.44724847682051333,0.0,0.11420370494409664,0.0,0.0,0.4130508946810104,0.0,0.0,0.10827811960506893,0.15640957845901682,0.11229043635292199
soft_bce_dice__mix_weight-0.2__dice_smooth-1e-06__soft_bce_smooth-0.1,soft_bce_dice,2,44,2,0.8295959808826446,0.8254113547801971,0.2,0.8,1e-06,0.1,0.0,0.529796227322166,0.0,0.07258005597270344,0.011431599666893777,0.0,0.4138556757253787,0.041728332640617705,0.010416150821750807,0.11997867134994561,0.1707486790167161,0.12276157659235265
soft_bce_dice__mix_weight-0.2__dice_smooth-1e-06__soft_bce_smooth-0.1,soft_bce_dice,2,44,3,0.8283016737103462,0.8252278887033463,0.2,0.8,1e-06,0.1,0.0,0.5568279618954892,0.0,0.061764871410283785,0.10780978542646372,0.0,0.3751792171696165,0.033501832235813454,0.05100301049469897,0.1317874087369295,0.19264976724899374,0.14528052374644734
soft_bce_dice__mix_weight-0.2__dice_smooth-1e-06__soft_bce_smooth-0.1,soft_bce_dice,2,44,4,0.8276211161017418,0.8250571491718293,0.2,0.8,1e-06,0.1,0.0,0.5694227743276707,0.0,0.1309921747980218,0.029296612154176463,0.0,0.39422618079641275,0.08046091149577773,0.043630065920484906,0.1386698577213938,0.20136395172228944,0.14594231225597382
soft_bce_dice__mix_weight-0.2__dice_smooth-1e-06__soft_bce_smooth-0.1,soft_bce_dice,2,44,5,0.8275789390206337,0.8278384903669357,0.2,0.8,1e-06,0.1,0.0,0.4471795845788777,0.0,0.12516920525359446,0.1413011169604935,0.0,0.2427297155060677,0.05908679183135704,0.06360555207037293,0.11989688513341815,0.18999211651148828,0.14272998135859313
