experiment_name,loss_mode,repeat_idx,seed,epoch,train_loss,val_loss,bce_weight,dice_weight,dice_smooth,soft_bce_smooth,iou_class_0,iou_class_1,iou_class_2,iou_class_3,iou_class_4,iou_class_5,iou_class_6,iou_class_7,iou_class_8,miou,macro_f1,rare_miou
soft_bce_dice__mix_weight-0.2__dice_smooth-1e-05__soft_bce_smooth-0.1,soft_bce_dice,1,43,1,0.8340643904209137,0.8286486643552781,0.2,0.8,1e-05,0.1,0.0,0.47172017099495617,0.0,0.11190804760768584,0.0,0.0,0.14484950465422683,0.0010482659774794345,0.0,0.08105844324826092,0.12194177245339184,0.1167256437205284
soft_bce_dice__mix_weight-0.2__dice_smooth-1e-05__soft_bce_smooth-0.1,soft_bce_dice,1,43,2,0.8300802206397057,0.8268441317081452,0.2,0.8,1e-05,0.1,0.0,0.48330470925321684,0.0,0.08858846613570788,0.0,0.0,0.35341515789119515,0.0542203393938741,0.01169492500518888,0.110135955297687,0.16251749808821836,0.11437863507778494
soft_bce_dice__mix_weight-0.2__dice_smooth-1e-05__soft_bce_smooth-0.1,soft_bce_dice,1,43,3,0.8278945010900497,0.8269328014850617,0.2,0.8,1e-05,0.1,0.0,0.47984323414850016,0.0,0.04894857551769742,0.0907220555453128,0.0,0.4081776654660355,0.03857475333042076,0.02770093626813221,0.12155191336401099,0.17956709603273865,0.12390277304230206
soft_bce_dice__mix_weight-0.2__dice_smooth-1e-05__soft_bce_smooth-0.1,soft_bce_dice,1,43,4,0.826334511935711,0.827335304737091,0.2,0.8,1e-05,0.1,0.07476279751425119,0.5663557717658195,0.0,0.08894445448698277,0.0554289331515086,0.0,0.3105630130891385,0.05455649273907622,0.07522888692367483,0.13620448329671683,0.2053341541303675,0.14214583188086216
soft_bce_dice__mix_weight-0.2__dice_smooth-1e-05__soft_bce_smooth-0.1,soft_bce_dice,1,43,5,0.8257821981310844,0.8223959280252456,0.2,0.8,1e-05,0.1,0.09534659365117629,0.5440471090846065,0.0,0.11238816764621205,0.1193173122997684,0.0,0.3461866293090171,0.05479699839296711,0.06726110491359799,0.14881599058859393,0.22648071981360163,0.15515051780611738
