experiment_name,loss_mode,repeat_idx,seed,epoch,train_loss,val_loss,bce_weight,dice_weight,dice_smooth,soft_bce_smooth,iou_class_0,iou_class_1,iou_class_2,iou_class_3,iou_class_4,iou_class_5,iou_class_6,iou_class_7,iou_class_8,miou,macro_f1,rare_miou
soft_bce_dice__mix_weight-0.5__dice_smooth-1e-07__soft_bce_smooth-0e+00,soft_bce_dice,1,43,1,0.555826707303524,0.5383563249707222,0.5,0.5,1e-07,0.0,0.0,0.5147995179060701,0.0,0.03746719546278288,0.0,0.0,0.0,0.0,0.0,0.06136296815209478,0.0835468301640289,0.1104533426737706
soft_bce_dice__mix_weight-0.5__dice_smooth-1e-07__soft_bce_smooth-0e+00,soft_bce_dice,1,43,2,0.5446488143205642,0.5356305706501007,0.5,0.5,1e-07,0.0,0.0,0.47254251595213126,0.0,0.005436141953908355,0.0,0.0,0.3838711173656927,0.0,0.0,0.09576108614130358,0.13415523682175698,0.09559573158120792
soft_bce_dice__mix_weight-0.5__dice_smooth-1e-07__soft_bce_smooth-0e+00,soft_bce_dice,1,43,3,0.5422352030873299,0.5356744631528855,0.5,0.5,1e-07,0.0,0.0,0.48936522738829286,0.0,0.02490712738904589,0.0,0.0,0.31205199533960926,0.0,0.0,0.09181381667966089,0.13126887540314858,0.10285447095546776
soft_bce_dice__mix_weight-0.5__dice_smooth-1e-07__soft_bce_smooth-0e+00,soft_bce_dice,1,43,4,0.5409856258630753,0.5328613656163216,0.5,0.5,1e-07,0.0,0.0,0.5121622145418783,0.0,0.009195091821882408,0.0,0.0,0.3910463357991116,0.040593904470852454,4.587504685808358e-06,0.10588912601537895,0.1484307101082164,0.10427146127275214
soft_bce_dice__mix_weight-0.5__dice_smooth-1e-07__soft_bce_smooth-0e+00,soft_bce_dice,1,43,5,0.5396563469171524,0.5317636930942535,0.5,0.5,1e-07,0.0,0.0,0.5343147359508773,0.0,0.0035741049042311754,0.016075063926908464,0.0,0.35494565382774657,0.0,0.025425359524296226,0.10381499090378442,0.14541851543602355,0.1107927809564034
