experiment_name,loss_mode,repeat_idx,seed,epoch,train_loss,val_loss,bce_weight,dice_weight,dice_smooth,soft_bce_smooth,iou_class_0,iou_class_1,iou_class_2,iou_class_3,iou_class_4,iou_class_5,iou_class_6,iou_class_7,iou_class_8,miou,macro_f1,rare_miou
soft_bce_dice__mix_weight-0.2__dice_smooth-1e-07__soft_bce_smooth-0.1,soft_bce_dice,0,42,1,0.8341914190649986,0.8278001810312271,0.2,0.8,1e-07,0.1,0.0,0.4751268758226318,0.0,0.10617124791220565,0.0,0.0,0.3846109142391661,0.07410578142660729,0.0,0.11555720215562343,0.16996477767406845,0.1162596247469675
soft_bce_dice__mix_weight-0.2__dice_smooth-1e-07__soft_bce_smooth-0.1,soft_bce_dice,0,42,2,0.8300417876839637,0.8307924987077713,0.2,0.8,1e-07,0.1,0.0,0.364743219471051,0.0,0.05654930225946525,0.0,0.0,0.18213592044850974,0.04838580824023733,0.0361908477559669,0.07644501090835892,0.12354158611049722,0.08425850434610324
soft_bce_dice__mix_weight-0.2__dice_smooth-1e-07__soft_bce_smooth-0.1,soft_bce_dice,0,42,3,0.8291192918419837,0.8273317921161651,0.2,0.8,1e-07,0.1,0.0,0.43787356596328364,0.0,0.06564506694326838,0.04080323728163556,0.0,0.27284105067609593,0.08225963000454056,0.010220012044274456,0.10107139587923317,0.15684739514764767,0.10886437403763752
soft_bce_dice__mix_weight-0.2__dice_smooth-1e-07__soft_bce_smooth-0.1,soft_bce_dice,0,42,4,0.8279777689576149,0.8265455107688904,0.2,0.8,1e-07,0.1,0.0,0.5539653131490766,0.0,0.05323851421538061,0.050259139245945064,0.0,0.2607129563372688,0.05200489357055063,0.04262087692576268,0.11253352149377606,0.16711048397923045,0.13149259332208046
soft_bce_dice__mix_weight-0.2__dice_smooth-1e-07__soft_bce_smooth-0.1,soft_bce_dice,0,42,5,0.8275478656888008,0.8266168217658997,0.2,0.8,1e-07,0.1,0.0,0.4267402306429434,0.0,0.033846773841906375,0.04410293859583546,0.0,0.4079856080461731,0.036838646072954305,0.12771207595556022,0.11969180812837478,0.18058318734775494,0.10093798861613705
