experiment_name,loss_mode,repeat_idx,seed,epoch,train_loss,val_loss,focal_weight,tversky_weight,tversky_alpha,tversky_beta,focal_gamma,iou_class_0,iou_class_1,iou_class_2,iou_class_3,iou_class_4,iou_class_5,iou_class_6,iou_class_7,iou_class_8,miou,macro_f1,rare_miou
focal_tversky_mix__mix_weight-0.2__alpha-0.8__gamma-3__beta-0.2,focal_tversky_mix,1,43,1,0.7728237838745117,0.7728379617929458,0.2,0.8,0.8,0.19999999999999996,3.0,2.2358059856997846e-06,0.31630952387740335,1.3076259875845271e-05,0.1249443812645366,0.028334489665012893,0.0,0.25406689167563795,0.016596271581756347,0.04128621692386569,0.08683923189489715,0.1416678792004548,0.09392029421336574
focal_tversky_mix__mix_weight-0.2__alpha-0.8__gamma-3__beta-0.2,focal_tversky_mix,1,43,2,0.7708321701288223,0.7693159370422363,0.2,0.8,0.8,0.19999999999999996,3.0,0.0065089529516951395,0.31806400996403333,6.958064614327525e-06,0.14139121988443376,0.052381865475876144,0.003106697224344268,0.29048290045757974,0.01723497028662748,0.05081430267783542,0.09777687522078217,0.1588732224978121,0.10299015012266037
focal_tversky_mix__mix_weight-0.2__alpha-0.8__gamma-3__beta-0.2,focal_tversky_mix,1,43,3,0.7686618434786796,0.771880329489708,0.2,0.8,0.8,0.19999999999999996,3.0,0.04344953527668042,0.27090078937916995,0.020277465590988263,0.1406355615811906,0.02277159365285074,0.0,0.3096465790484445,0.012797406378407945,0.09804871723583883,0.10205862757150792,0.16857692599200072,0.0909170820408399
focal_tversky_mix__mix_weight-0.2__alpha-0.8__gamma-3__beta-0.2,focal_tversky_mix,1,43,4,0.767809889793396,0.8170084174871445,0.2,0.8,0.8,0.19999999999999996,3.0,0.06974120668020443,0.2962144510335405,0.022147000881613463,0.16411597714529869,0.013243022503171378,0.0,0.19315064052460848,0.023061210044976726,0.10117483673375921,0.09809426061635255,0.16571923485443288,0.09914409031272481
focal_tversky_mix__mix_weight-0.2__alpha-0.8__gamma-3__beta-0.2,focal_tversky_mix,1,43,5,0.7677401412129402,0.7654498232603073,0.2,0.8,0.8,0.19999999999999996,3.0,0.0944612884789367,0.4077508858675433,0.036886654731085565,0.19384859724126588,0.06025687078195957,0.0,0.24966511297615732,0.022960487777988463,0.11613103422478745,0.13132899245330268,0.2126697198491124,0.13974860172437084
