experiment_name,loss_mode,repeat_idx,seed,epoch,train_loss,val_loss,bce_weight,dice_weight,dice_smooth,soft_bce_smooth,iou_class_0,iou_class_1,iou_class_2,iou_class_3,iou_class_4,iou_class_5,iou_class_6,iou_class_7,iou_class_8,miou,macro_f1,rare_miou
soft_bce_dice__mix_weight-0.2__dice_smooth-1e-06__soft_bce_smooth-0e+00,soft_bce_dice,1,43,1,0.8072837368249893,0.8007307251691819,0.2,0.8,1e-06,0.0,0.0,0.4166320192153981,0.0,0.06962041498654604,0.0,0.0,0.01798301679438258,0.06713519224395093,0.00027210403793234944,0.06351586080869,0.09778628036635945,0.09725048684038883
soft_bce_dice__mix_weight-0.2__dice_smooth-1e-06__soft_bce_smooth-0e+00,soft_bce_dice,1,43,2,0.8012804135680198,0.7975936135053635,0.2,0.8,1e-06,0.0,0.0,0.501852081605677,0.0,0.10092452627989078,0.0,0.0,0.3436658211821783,0.0432591063078764,0.03284752882278441,0.11361656268871186,0.16774745608377384,0.12055532157711354
soft_bce_dice__mix_weight-0.2__dice_smooth-1e-06__soft_bce_smooth-0e+00,soft_bce_dice,1,43,3,0.7993713898658752,0.7964693479537964,0.2,0.8,1e-06,0.0,0.0,0.47215874753091447,0.0,0.05536654410263516,0.016288326757300783,0.0,0.41904697993688445,0.038989651107238725,0.08774000550140461,0.12106558388181982,0.17837899416858458,0.10876272367817008
soft_bce_dice__mix_weight-0.2__dice_smooth-1e-06__soft_bce_smooth-0e+00,soft_bce_dice,1,43,4,0.7973807312250137,0.7941025547981262,0.2,0.8,1e-06,0.0,0.06926140463155835,0.5218650276939397,0.0,0.0691407750537645,0.06267017543859649,0.0,0.2760593877518116,0.0486055464552755,0.07137840971107,0.12433119185955735,0.19125403690477658,0.13073519563726013
soft_bce_dice__mix_weight-0.2__dice_smooth-1e-06__soft_bce_smooth-0e+00,soft_bce_dice,1,43,5,0.7954311131834984,0.7908720024824143,0.2,0.8,1e-06,0.0,0.1041996151058091,0.5515776616608208,0.0,0.06174297801588841,0.08311333600638353,0.0,0.2623093773015609,0.04562052798680276,0.0845789322686488,0.13257138092732382,0.20314753254236195,0.13928679513661854
