experiment_name,loss_mode,repeat_idx,seed,epoch,train_loss,val_loss,bce_weight,dice_weight,dice_smooth,iou_class_0,iou_class_1,iou_class_2,iou_class_3,iou_class_4,iou_class_5,iou_class_6,iou_class_7,iou_class_8,miou,macro_f1,rare_miou
bce_dice__mix_weight-0.8__dice_smooth-1e-07,bce_dice,1,43,1,0.30122184409201147,0.27904435646533965,0.8,0.19999999999999996,1e-07,0.0,0.41303803105042164,0.0,0.007292192198036581,0.0,0.0,0.0,0.0,0.0,0.04670335813871758,0.06656541450518466,0.08406604464969164
bce_dice__mix_weight-0.8__dice_smooth-1e-07,bce_dice,1,43,2,0.2854851579517126,0.27571086370944975,0.8,0.19999999999999996,1e-07,0.0,0.28687725029656813,0.0,0.0032122576837998857,0.0,0.0,0.0,0.0,0.0,0.03223216755337423,0.050250462300161954,0.058017901596073604
bce_dice__mix_weight-0.8__dice_smooth-1e-07,bce_dice,1,43,3,0.2815325458347797,0.2725537621080875,0.8,0.19999999999999996,1e-07,0.0,0.425723013478865,0.0,0.009709424882459055,0.0,0.0,0.21891069995195364,0.0,0.0,0.07270479314591975,0.10840286703916031,0.08708648767226482
bce_dice__mix_weight-0.8__dice_smooth-1e-07,bce_dice,1,43,4,0.27999020616710185,0.27051648157835007,0.8,0.19999999999999996,1e-07,0.0,0.3038353201899968,0.0,0.0025498973802834724,0.0,0.0,0.147784107961088,0.0,0.0,0.05046325839237426,0.08096253386860522,0.061277043514056065
bce_dice__mix_weight-0.8__dice_smooth-1e-07,bce_dice,1,43,5,0.27911266654729844,0.26706848821043966,0.8,0.19999999999999996,1e-07,0.0,0.4648931157438008,0.0,0.0028361581057582933,0.0,0.0,0.3378633567936435,0.0,0.0,0.08951029229368918,0.1272719968644401,0.09354585476991181
