experiment_name,loss_mode,repeat_idx,seed,epoch,train_loss,val_loss,bce_weight,dice_weight,dice_smooth,soft_bce_smooth,iou_class_0,iou_class_1,iou_class_2,iou_class_3,iou_class_4,iou_class_5,iou_class_6,iou_class_7,iou_class_8,miou,macro_f1,rare_miou
soft_bce_dice__mix_weight-0.5__dice_smooth-1e-07__soft_bce_smooth-0e+00,soft_bce_dice,2,44,1,0.5553913608193397,0.5383798758983612,0.5,0.5,1e-07,0.0,0.0,0.525565134151354,0.0,0.014940180882400143,0.0,0.0,0.0,0.0,0.0,0.06005614611486157,0.07982788128082226,0.10810106300675082
soft_bce_dice__mix_weight-0.5__dice_smooth-1e-07__soft_bce_smooth-0e+00,soft_bce_dice,2,44,2,0.5435703305006028,0.5340309081673622,0.5,0.5,1e-07,0.0,0.0,0.49567375233515226,0.0,0.002643954211882348,0.0,0.0,0.46029646316592904,0.0,0.0,0.10651268552366262,0.14427767158350577,0.09966354130940693
soft_bce_dice__mix_weight-0.5__dice_smooth-1e-07__soft_bce_smooth-0e+00,soft_bce_dice,2,44,3,0.5414689785838127,0.5356140651106834,0.5,0.5,1e-07,0.0,0.0,0.5019100936791531,0.0,0.011184347379197546,0.0,0.0,0.0,0.08041925025967075,0.0,0.06594596570200238,0.09326115547795631,0.10261888821167013
soft_bce_dice__mix_weight-0.5__dice_smooth-1e-07__soft_bce_smooth-0e+00,soft_bce_dice,2,44,4,0.5402683000564575,0.530947237432003,0.5,0.5,1e-07,0.0,0.0,0.551083173269306,0.0,0.06647026485189962,0.0623331618225875,0.0,0.026066273949509174,0.0,0.004511152961169992,0.0789404474282747,0.11248606523403265,0.13597731998875864
soft_bce_dice__mix_weight-0.5__dice_smooth-1e-07__soft_bce_smooth-0e+00,soft_bce_dice,2,44,5,0.5386305227279663,0.5316970742940903,0.5,0.5,1e-07,0.0,0.02367790923133167,0.58123267773447,0.0,0.0344967386560929,0.08137055933842913,0.0,0.3070854531349309,0.0,0.044397113939934285,0.1191400502261321,0.17261225213585862,0.1394199951457984
