experiment_name,loss_mode,repeat_idx,seed,epoch,train_loss,val_loss,bce_weight,dice_weight,dice_smooth,soft_bce_smooth,iou_class_0,iou_class_1,iou_class_2,iou_class_3,iou_class_4,iou_class_5,iou_class_6,iou_class_7,iou_class_8,miou,macro_f1,rare_miou
soft_bce_dice__mix_weight-0.2__dice_smooth-1e-05__soft_bce_smooth-0e+00,soft_bce_dice,1,43,1,0.8080025702118874,0.8003392208814621,0.2,0.8,1e-05,0.0,0.0,0.4616117502668556,0.0,0.09203480362411878,0.0,0.0,0.0,0.07564474620818046,0.0,0.06992125556657276,0.10453935080798499,0.11072931077819488
soft_bce_dice__mix_weight-0.2__dice_smooth-1e-05__soft_bce_smooth-0e+00,soft_bce_dice,1,43,2,0.8018684054613113,0.797795655965805,0.2,0.8,1e-05,0.0,0.0,0.4692229590200808,0.0,0.06565414905075813,0.0,0.0,0.34330474464054267,0.03621532031594407,0.048593801006496753,0.10699899711486917,0.15951913819783026,0.1069754216141678
soft_bce_dice__mix_weight-0.2__dice_smooth-1e-05__soft_bce_smooth-0e+00,soft_bce_dice,1,43,3,0.7992991689443588,0.7970368283987045,0.2,0.8,1e-05,0.0,0.0,0.48646857637400065,0.0,0.06912989318607593,0.004200018425887286,0.0,0.38970978145516805,0.042020574631507795,0.046321005626978426,0.11531664996662425,0.16913971984381768,0.11195969759719278
soft_bce_dice__mix_weight-0.2__dice_smooth-1e-05__soft_bce_smooth-0e+00,soft_bce_dice,1,43,4,0.79799025452137,0.7974770045280457,0.2,0.8,1e-05,0.0,0.0,0.5328908670523211,0.0,0.06948457412826374,0.04713038999250179,0.0,0.23821010479442026,0.03481517907096026,0.04576256165119701,0.10758818629885157,0.16164523504071113,0.1299011662346173
soft_bce_dice__mix_weight-0.2__dice_smooth-1e-05__soft_bce_smooth-0e+00,soft_bce_dice,1,43,5,0.7963886989355087,0.8179565144777298,0.2,0.8,1e-05,0.0,0.03344216715297288,0.5123805279531202,0.0,0.030695147077431414,0.06553380870152577,0.0,0.16540179350291356,0.045419976799711194,0.11340675737253905,0.10736446428446822,0.16659202593517067,0.12172189674641547
