experiment_name,loss_mode,repeat_idx,seed,epoch,train_loss,val_loss,bce_weight,dice_weight,dice_smooth,soft_bce_smooth,iou_class_0,iou_class_1,iou_class_2,iou_class_3,iou_class_4,iou_class_5,iou_class_6,iou_class_7,iou_class_8,miou,macro_f1,rare_miou
soft_bce_dice__mix_weight-0.8__dice_smooth-1e-05__soft_bce_smooth-0.1,soft_bce_dice,1,43,1,0.4161848364174366,0.4015153713226318,0.8,0.19999999999999996,1e-05,0.1,0.0,0.48762291130337676,0.0,0.007184681929881134,0.0,0.0,0.0,0.0,0.0,0.05497862147036199,0.07442668167922702,0.09896151864665158
soft_bce_dice__mix_weight-0.8__dice_smooth-1e-05__soft_bce_smooth-0.1,soft_bce_dice,1,43,2,0.4071564150452614,0.40435599607229233,0.8,0.19999999999999996,1e-05,0.1,0.0,0.37750686046204135,0.0,0.003152977829439832,0.0,0.0,0.0,0.0,0.0,0.042295537587942356,0.061598637830229244,0.07613196765829625
soft_bce_dice__mix_weight-0.8__dice_smooth-1e-05__soft_bce_smooth-0.1,soft_bce_dice,1,43,3,0.4056725215315819,0.39802199029922486,0.8,0.19999999999999996,1e-05,0.1,0.0,0.4693133276055301,0.0,0.012940027388222313,0.0,0.0,0.23978403921916483,0.0,0.0,0.08022637713476859,0.11679835617119465,0.09645067099875047
soft_bce_dice__mix_weight-0.8__dice_smooth-1e-05__soft_bce_smooth-0.1,soft_bce_dice,1,43,4,0.40454929172992704,0.39895861369371416,0.8,0.19999999999999996,1e-05,0.1,0.0,0.37277071475571,0.0,0.017861346718846774,0.0,0.0,0.0031099932977260636,0.0,0.0,0.04374911719692031,0.06493211118626901,0.07812641229491135
soft_bce_dice__mix_weight-0.8__dice_smooth-1e-05__soft_bce_smooth-0.1,soft_bce_dice,1,43,5,0.4037340572178364,0.39547797590494155,0.8,0.19999999999999996,1e-05,0.1,0.0,0.5061470191214036,0.0,0.001917622438176274,0.0,0.0,0.37686544557966917,0.0,0.0,0.09832556523769434,0.13592905817799952,0.10161292831191597
