experiment_name,loss_mode,repeat_idx,seed,epoch,train_loss,val_loss,focal_weight,tversky_weight,tversky_alpha,tversky_beta,focal_gamma,iou_class_0,iou_class_1,iou_class_2,iou_class_3,iou_class_4,iou_class_5,iou_class_6,iou_class_7,iou_class_8,miou,macro_f1,rare_miou
focal_tversky_mix__mix_weight-0.5__alpha-0.2__gamma-2__beta-0.8,focal_tversky_mix,2,44,1,0.5022394511699676,0.5002933892607689,0.5,0.5,0.2,0.8,2.0,0.0,0.42504770675818726,0.0,0.028055522813634857,0.0,0.0,0.0,0.0,0.0,0.050344803285758015,0.0723464438988816,0.09062064591436443
focal_tversky_mix__mix_weight-0.5__alpha-0.2__gamma-2__beta-0.8,focal_tversky_mix,2,44,2,0.499065696388483,0.49815348905324935,0.5,0.5,0.2,0.8,2.0,0.0,0.4125037950069501,0.0,0.002715056015670298,0.009032241173929543,0.0,0.0,0.0003049316229598006,0.0006340276934703935,0.04724333905699779,0.06769663543704266,0.08485021843930998
focal_tversky_mix__mix_weight-0.5__alpha-0.2__gamma-2__beta-0.8,focal_tversky_mix,2,44,3,0.49798879876732827,0.4973211536407471,0.5,0.5,0.2,0.8,2.0,0.0,0.43035539523084515,0.0,0.012785515379591593,0.002433780272941737,0.0,0.0,0.058751298762633394,3.27743772540578e-07,0.056036257487753836,0.08253699674708054,0.08911493817667569
focal_tversky_mix__mix_weight-0.5__alpha-0.2__gamma-2__beta-0.8,focal_tversky_mix,2,44,4,0.4975371700525284,0.4962159136533737,0.5,0.5,0.2,0.8,2.0,0.0,0.47855073605136034,0.0,0.020374544350831914,0.04502768846308585,0.0,1.3824938945613382e-06,0.0,0.0001692350251411648,0.060458176264923766,0.08597508620596053,0.10879059377305562
focal_tversky_mix__mix_weight-0.5__alpha-0.2__gamma-2__beta-0.8,focal_tversky_mix,2,44,5,0.49713599744439124,0.4953311493396759,0.5,0.5,0.2,0.8,2.0,0.0,0.5419212689186043,0.0,0.03013410077996327,0.046451885257717075,0.0,0.306610087617288,0.0,5.958587814687919e-05,0.1027974364946355,0.1466269484183321,0.12370145099125691
