experiment_name,loss_mode,repeat_idx,seed,epoch,train_loss,val_loss,bce_weight,dice_weight,dice_smooth,soft_bce_smooth,iou_class_0,iou_class_1,iou_class_2,iou_class_3,iou_class_4,iou_class_5,iou_class_6,iou_class_7,iou_class_8,miou,macro_f1,rare_miou
soft_bce_dice__mix_weight-0.2__dice_smooth-1e-07__soft_bce_smooth-0e+00,soft_bce_dice,0,42,1,0.8074991114735603,0.8009063246250152,0.2,0.8,1e-07,0.0,0.0,0.4491975702436595,0.0,0.04994743573524319,0.0,0.0,0.2128259387403495,0.0,0.0,0.07910788274658358,0.11844748998792874,0.09982900119578055
soft_bce_dice__mix_weight-0.2__dice_smooth-1e-07__soft_bce_smooth-0e+00,soft_bce_dice,0,42,2,0.8021393997073174,0.8028238339424133,0.2,0.8,1e-07,0.0,0.0,0.35528530102187006,0.0,0.04622465719514275,0.027665305049925943,0.0,0.25120700454836375,0.0624636987542574,0.011016554935553797,0.08376250238945708,0.13415788538529072,0.08583505265338774
soft_bce_dice__mix_weight-0.2__dice_smooth-1e-07__soft_bce_smooth-0e+00,soft_bce_dice,0,42,3,0.7997525907754898,0.79857774579525,0.2,0.8,1e-07,0.0,0.0,0.4668546313703262,0.0,0.06842681108041368,0.03261617915403417,0.0,0.3138051798351851,0.06168284850715051,0.04304085547335661,0.10960294504671847,0.1671368132739023,0.11357952432095479
soft_bce_dice__mix_weight-0.2__dice_smooth-1e-07__soft_bce_smooth-0e+00,soft_bce_dice,0,42,4,0.7980290093421936,0.7976559108495712,0.2,0.8,1e-07,0.0,1.902821772758308e-05,0.43969243202048075,0.0,0.054501871497703,0.04150349334581249,0.0,0.32505950017154417,0.04889031098661047,0.06793633530269694,0.10862255239361948,0.16722305130603649,0.10713955937279925
soft_bce_dice__mix_weight-0.2__dice_smooth-1e-07__soft_bce_smooth-0e+00,soft_bce_dice,0,42,5,0.7962465068697929,0.7943593858480453,0.2,0.8,1e-07,0.0,0.05917762936778132,0.49246770186256156,0.0,0.04012972727456848,0.049019662921348316,0.0,0.4331515337399825,0.025177506510692796,0.1287120035446317,0.13642619613572962,0.20266248616737703,0.11632341841169566
