experiment_name,loss_mode,repeat_idx,seed,epoch,train_loss,val_loss,bce_weight,dice_weight,dice_smooth,soft_bce_smooth,iou_class_0,iou_class_1,iou_class_2,iou_class_3,iou_class_4,iou_class_5,iou_class_6,iou_class_7,iou_class_8,miou,macro_f1,rare_miou
soft_bce_dice__mix_weight-0.2__dice_smooth-1e-06__soft_bce_smooth-0.05,soft_bce_dice,2,44,1,0.8221977649331093,0.8154780465364456,0.2,0.8,1e-06,0.05,0.0,0.48355425762834786,0.0,0.08594854555160032,0.0,0.0,0.3954049523082381,0.07182514391272189,0.0,0.11519254437787868,0.1678807327227136,0.11390056063598963
soft_bce_dice__mix_weight-0.2__dice_smooth-1e-06__soft_bce_smooth-0.05,soft_bce_dice,2,44,2,0.8165984985232353,0.8113299486637116,0.2,0.8,1e-06,0.05,0.0,0.5490739457286653,0.0,0.08304036314966845,0.0816643793548311,0.0,0.4046087333536657,0.03370407656121077,0.008611428973529385,0.12896699190239674,0.1857391641686177,0.14275573764663296
soft_bce_dice__mix_weight-0.2__dice_smooth-1e-06__soft_bce_smooth-0.05,soft_bce_dice,2,44,3,0.8149337179064751,0.8133552887439728,0.2,0.8,1e-06,0.05,0.0,0.5251708751047512,0.0,0.07298025432964303,0.0766469693882349,0.0,0.31856202209695017,0.044407528013564734,0.07653953896544843,0.1238119097665103,0.18639061231491946,0.13495961976452583
soft_bce_dice__mix_weight-0.2__dice_smooth-1e-06__soft_bce_smooth-0.05,soft_bce_dice,2,44,4,0.8131481768488884,0.8080893812179566,0.2,0.8,1e-06,0.05,0.10342960912065462,0.5120951134945813,0.0,0.17574880665522477,0.07838239552166779,0.0,0.41786782881188456,0.0838218884905246,0.07827917198902773,0.1610694237870628,0.2442700363301832,0.15324526313429476
soft_bce_dice__mix_weight-0.2__dice_smooth-1e-06__soft_bce_smooth-0.05,soft_bce_dice,2,44,5,0.8111383193731307,0.8165875245332718,0.2,0.8,1e-06,0.05,0.04887690937050175,0.4037031212211035,4.368368816137104e-06,0.1803583307382545,0.15557190285084843,0.0,0.328043529494742,0.026568839579382036,0.07425411657391796,0.1352645686886185,0.214143325067918,0.14792754463580451
