experiment_name,loss_mode,repeat_idx,seed,epoch,train_loss,val_loss,bce_weight,dice_weight,dice_smooth,soft_bce_smooth,iou_class_0,iou_class_1,iou_class_2,iou_class_3,iou_class_4,iou_class_5,iou_class_6,iou_class_7,iou_class_8,miou,macro_f1,rare_miou
soft_bce_dice__mix_weight-0.8__dice_smooth-1e-05__soft_bce_smooth-0e+00,soft_bce_dice,0,42,1,0.2996405875384808,0.276234006524086,0.8,0.19999999999999996,1e-05,0.0,0.0,0.44469239879180567,0.0,0.011154344570696226,0.0,0.0,0.0,0.0,0.0,0.0506496381513891,0.0708538726655871,0.09116934867250039
soft_bce_dice__mix_weight-0.8__dice_smooth-1e-05__soft_bce_smooth-0e+00,soft_bce_dice,0,42,2,0.2854338620007038,0.276638581097126,0.8,0.19999999999999996,1e-05,0.0,0.0,0.4169907601446937,0.0,0.0,0.0,0.0,0.0,0.0,0.0,0.04633230668274375,0.06539535469943727,0.08339815202893874
soft_bce_dice__mix_weight-0.8__dice_smooth-1e-05__soft_bce_smooth-0e+00,soft_bce_dice,0,42,3,0.281602326720953,0.27035877910256384,0.8,0.19999999999999996,1e-05,0.0,0.0,0.522400841181344,0.0,0.012618115446720618,0.0,0.0,0.0,0.0,0.0,0.05944655073645163,0.07902303383451822,0.10700379132561293
soft_bce_dice__mix_weight-0.8__dice_smooth-1e-05__soft_bce_smooth-0e+00,soft_bce_dice,0,42,4,0.27813787540793417,0.28686258020997046,0.8,0.19999999999999996,1e-05,0.0,0.0,0.1989079772574907,0.0,0.01295374562107646,0.0,0.0,0.23918976561257393,0.0,0.0,0.05011683205457123,0.08260373640987975,0.042372344575713435
soft_bce_dice__mix_weight-0.8__dice_smooth-1e-05__soft_bce_smooth-0e+00,soft_bce_dice,0,42,5,0.27753746442496774,0.26632151699066164,0.8,0.19999999999999996,1e-05,0.0,0.0,0.5234482774482913,0.0,0.010266669816313063,0.0,0.0,2.281140155324907e-05,0.0,0.0,0.059304195407350845,0.07861767436182486,0.10674298945292086
