experiment_name,loss_mode,repeat_idx,seed,epoch,train_loss,val_loss,bce_weight,dice_weight,dice_smooth,soft_bce_smooth,iou_class_0,iou_class_1,iou_class_2,iou_class_3,iou_class_4,iou_class_5,iou_class_6,iou_class_7,iou_class_8,miou,macro_f1,rare_miou
soft_bce_dice__mix_weight-0.2__dice_smooth-1e-07__soft_bce_smooth-0e+00,soft_bce_dice,2,44,1,0.8077018154859543,0.80200414955616,0.2,0.8,1e-07,0.0,0.0,0.3862372168382438,0.0,0.09191064895234255,0.0,0.0,0.3032040678342858,0.0,0.0,0.08681688151387468,0.1323238577164733,0.09562957315811726
soft_bce_dice__mix_weight-0.2__dice_smooth-1e-07__soft_bce_smooth-0e+00,soft_bce_dice,2,44,2,0.8010921038985253,0.7969904627799987,0.2,0.8,1e-07,0.0,0.0,0.534758732114372,0.0,0.02769606062864296,0.02297219558964525,0.0,0.3586499737904582,0.03736668168844825,0.0,0.10904929375684073,0.15507416407865637,0.11708539766653203
soft_bce_dice__mix_weight-0.2__dice_smooth-1e-07__soft_bce_smooth-0e+00,soft_bce_dice,2,44,3,0.7992610177993774,0.7980813226699829,0.2,0.8,1e-07,0.0,0.0,0.5232613345935963,0.0,0.03509075660338867,0.060341361574635224,0.0,0.2431192080851962,0.02126496057070414,0.03848455340196276,0.1023957972032759,0.15283887338053226,0.12373869055432403
soft_bce_dice__mix_weight-0.2__dice_smooth-1e-07__soft_bce_smooth-0e+00,soft_bce_dice,2,44,4,0.7978963055014611,0.7932738662958145,0.2,0.8,1e-07,0.0,0.030981873660503468,0.5283412780474452,0.0,0.11733535892745992,0.06579302934572102,0.0,0.36949691360118475,0.06688734795809062,0.053853602522098955,0.13696548934027822,0.20579825966986248,0.14229393326412526
soft_bce_dice__mix_weight-0.2__dice_smooth-1e-07__soft_bce_smooth-0e+00,soft_bce_dice,2,44,5,0.7972390577197075,0.7987087368965149,0.2,0.8,1e-07,0.0,0.05383870200619468,0.47597323760888555,0.0,0.09776992259016022,0.06312878223371969,0.0,0.24641492012273072,0.041124573227922755,0.0953183849752958,0.11928539141832327,0.18805203519348956,0.12737438848655308
