experiment_name,loss_mode,repeat_idx,seed,epoch,train_loss,val_loss,bce_weight,dice_weight,dice_smooth,soft_bce_smooth,iou_class_0,iou_class_1,iou_class_2,iou_class_3,iou_class_4,iou_class_5,iou_class_6,iou_class_7,iou_class_8,miou,macro_f1,rare_miou
soft_bce_dice__mix_weight-0.8__dice_smooth-1e-05__soft_bce_smooth-0.05,soft_bce_dice,2,44,1,0.36756716188788413,0.35317704367637637,0.8,0.19999999999999996,1e-05,0.05,0.0,0.41106312054631683,0.0,0.0009868765648962385,0.0,0.0,0.0,0.0,0.0,0.04578333301235701,0.06495564101053003,0.08240999942224261
soft_bce_dice__mix_weight-0.8__dice_smooth-1e-05__soft_bce_smooth-0.05,soft_bce_dice,2,44,2,0.35361014667153357,0.34671814131736756,0.8,0.19999999999999996,1e-05,0.05,0.0,0.4005877905305836,0.0,0.0010649200837539174,0.0,0.0004542930695068374,0.009300459777208628,0.0,0.0,0.04571194038456144,0.06594370784211434,0.08042140073676887
soft_bce_dice__mix_weight-0.8__dice_smooth-1e-05__soft_bce_smooth-0.05,soft_bce_dice,2,44,3,0.3522636294960976,0.34716646176576615,0.8,0.19999999999999996,1e-05,0.05,0.0,0.37642776235273506,0.0,0.0026643033515598435,0.0,0.0,0.0,0.0,0.0,0.04212134063381054,0.0613641984825097,0.07581841314085898
soft_bce_dice__mix_weight-0.8__dice_smooth-1e-05__soft_bce_smooth-0.05,soft_bce_dice,2,44,4,0.35137064933776857,0.34734243059158326,0.8,0.19999999999999996,1e-05,0.05,0.0,0.4920041135325273,0.0,0.01446662050443283,0.0,0.0,1.3824652258153262e-06,0.0,0.0,0.056274679611354,0.0764493922955659,0.10129414680739204
soft_bce_dice__mix_weight-0.8__dice_smooth-1e-05__soft_bce_smooth-0.05,soft_bce_dice,2,44,5,0.35051202803850173,0.34203349047899245,0.8,0.19999999999999996,1e-05,0.05,0.0,0.5348281508905867,0.0,0.009490676973933404,0.0,0.0,0.34797919546669137,0.0,2.2940846045293094e-06,0.09914447971286844,0.1368919539015966,0.108863765572904
