experiment_name,loss_mode,repeat_idx,seed,epoch,train_loss,val_loss,bce_weight,dice_weight,dice_smooth,soft_bce_smooth,iou_class_0,iou_class_1,iou_class_2,iou_class_3,iou_class_4,iou_class_5,iou_class_6,iou_class_7,iou_class_8,miou,macro_f1,rare_miou
soft_bce_dice__mix_weight-0.5__dice_smooth-1e-05__soft_bce_smooth-0.05,soft_bce_dice,2,44,1,0.5950545055270196,0.5867912085056305,0.5,0.5,1e-05,0.05,0.0,0.30431923537151817,0.0,0.031036221673350753,0.0,0.0,0.0,0.0,0.0,0.03726171744942988,0.05853744405102068,0.06707109140897378
soft_bce_dice__mix_weight-0.5__dice_smooth-1e-05__soft_bce_smooth-0.05,soft_bce_dice,2,44,2,0.5864420073032379,0.5800329768657684,0.5,0.5,1e-05,0.05,0.0,0.47088075757645254,0.0,0.012582868565616656,0.0,0.0,0.3772447397157198,0.0,0.0,0.09563426287308767,0.13477208461725376,0.09669272522841384
soft_bce_dice__mix_weight-0.5__dice_smooth-1e-05__soft_bce_smooth-0.05,soft_bce_dice,2,44,3,0.5847000955343247,0.5800422551631927,0.5,0.5,1e-05,0.05,0.0,0.47530834393498506,0.0,0.017418045413369186,0.0,0.0,0.039186471033490024,0.05078455915976956,0.0,0.06474415772684598,0.09451875051370384,0.09854527786967085
soft_bce_dice__mix_weight-0.5__dice_smooth-1e-05__soft_bce_smooth-0.05,soft_bce_dice,2,44,4,0.5842538103461266,0.5836813414096832,0.5,0.5,1e-05,0.05,0.0,0.23622622353508924,0.0,0.037707395129271376,0.0,0.0,0.16683425592279524,0.0,0.0,0.04897420828746176,0.08231200692847934,0.05478672373287212
soft_bce_dice__mix_weight-0.5__dice_smooth-1e-05__soft_bce_smooth-0.05,soft_bce_dice,2,44,5,0.5841422520279884,0.577558183670044,0.5,0.5,1e-05,0.05,0.0,0.5650225841983434,0.0,0.02958314436746518,0.0,0.0,0.35505996712076127,0.0,0.0,0.1055184106318411,0.1448422206663825,0.11892114571316173
