experiment_name,loss_mode,repeat_idx,seed,epoch,train_loss,val_loss,bce_weight,dice_weight,dice_smooth,soft_bce_smooth,iou_class_0,iou_class_1,iou_class_2,iou_class_3,iou_class_4,iou_class_5,iou_class_6,iou_class_7,iou_class_8,miou,macro_f1,rare_miou
soft_bce_dice__mix_weight-0.5__dice_smooth-1e-06__soft_bce_smooth-0.1,soft_bce_dice,2,44,1,0.6271777032017708,0.618594116449356,0.5,0.5,1e-06,0.1,0.0,0.45027347373240784,0.0,0.010170408137185605,0.0,0.0,0.0,0.0,0.0,0.051160431318843715,0.07123175247609534,0.09208877637391868
soft_bce_dice__mix_weight-0.5__dice_smooth-1e-06__soft_bce_smooth-0.1,soft_bce_dice,2,44,2,0.6194290659427643,0.6124082831144333,0.5,0.5,1e-06,0.1,0.0,0.5204479850255702,0.0,0.015861873971789228,0.0,0.0,0.3911313219261054,0.0,0.0,0.1030490201026072,0.14201642494221198,0.10726197179947188
soft_bce_dice__mix_weight-0.5__dice_smooth-1e-06__soft_bce_smooth-0.1,soft_bce_dice,2,44,3,0.618719511270523,0.6141242264509201,0.5,0.5,1e-06,0.1,0.0,0.4531885298578049,0.0,0.017021230200082275,0.0,0.0,0.0,0.06082655329256373,0.0,0.05900403481671676,0.08576293975782787,0.09404195201157743
soft_bce_dice__mix_weight-0.5__dice_smooth-1e-06__soft_bce_smooth-0.1,soft_bce_dice,2,44,4,0.6182596172690391,0.6135508881807328,0.5,0.5,1e-06,0.1,0.0,0.5360823673538253,0.0,0.041662001699145815,0.0,0.0,0.11325969183324987,0.0,2.457168280644001e-05,0.07678095917433639,0.1090556681439116,0.11554887381059423
soft_bce_dice__mix_weight-0.5__dice_smooth-1e-06__soft_bce_smooth-0.1,soft_bce_dice,2,44,5,0.6175617327690125,0.6119717627763748,0.5,0.5,1e-06,0.1,0.0,0.559247311618947,0.0,0.034647573573153734,0.0,0.0,0.37656683648993033,0.0,0.0,0.10782908018689234,0.14793495737593412,0.11877897703842015
