experiment_name,loss_mode,repeat_idx,seed,epoch,train_loss,val_loss,focal_weight,tversky_weight,tversky_alpha,tversky_beta,focal_gamma,iou_class_0,iou_class_1,iou_class_2,iou_class_3,iou_class_4,iou_class_5,iou_class_6,iou_class_7,iou_class_8,miou,macro_f1,rare_miou
focal_tversky_mix__mix_weight-0.2__alpha-0.8__gamma-2__beta-0.2,focal_tversky_mix,1,43,1,0.7789892116189003,0.7775076860189438,0.2,0.8,0.8,0.19999999999999996,2.0,0.001632817370898933,0.3608454417183444,0.0,0.13515974935420283,0.02265719929784468,0.0,0.038432136675597396,0.03828737594398309,0.010449684616873792,0.06749604499752723,0.10938704288295248,0.10373247807407837
focal_tversky_mix__mix_weight-0.2__alpha-0.8__gamma-2__beta-0.2,focal_tversky_mix,1,43,2,0.7762359121441841,0.773977747797966,0.2,0.8,0.8,0.19999999999999996,2.0,0.0,0.44592733038367244,0.0,0.12267937721212652,0.050702908787278844,0.0,0.2551488790997309,0.023053860346295772,0.06054878484080578,0.10645123785221225,0.16640895383831536,0.12386192327661556
focal_tversky_mix__mix_weight-0.2__alpha-0.8__gamma-2__beta-0.2,focal_tversky_mix,1,43,3,0.773948909163475,0.7732224123477935,0.2,0.8,0.8,0.19999999999999996,2.0,0.04496142710633983,0.35572883188843313,0.0,0.1234072577028635,0.052728728022798925,0.0,0.3788485373320757,0.020734812134900506,0.09674371539366093,0.11923925662011918,0.18858567316741476,0.10637296352281911
focal_tversky_mix__mix_weight-0.2__alpha-0.8__gamma-2__beta-0.2,focal_tversky_mix,1,43,4,0.7729669734239578,0.7735752180814743,0.2,0.8,0.8,0.19999999999999996,2.0,0.06954549027727186,0.5045293940930733,0.011157040670607146,0.16484212092725323,0.024371873336567176,0.0,0.21840837390728293,0.02211096990404916,0.09231316390548384,0.12303093633573209,0.1915790339023263,0.1409800858055002
focal_tversky_mix__mix_weight-0.2__alpha-0.8__gamma-2__beta-0.2,focal_tversky_mix,1,43,5,0.7719733427166939,0.7701020538806915,0.2,0.8,0.8,0.19999999999999996,2.0,0.06441271470401787,0.48345878676430415,0.0072058043585642665,0.20131686586391997,0.06429683827372212,0.0,0.28388582015892194,0.012384885641788405,0.09685648259909325,0.134868688707148,0.20960289450122982,0.1512556590521021
