experiment_name,loss_mode,repeat_idx,seed,epoch,train_loss,val_loss,bce_weight,dice_weight,dice_smooth,soft_bce_smooth,iou_class_0,iou_class_1,iou_class_2,iou_class_3,iou_class_4,iou_class_5,iou_class_6,iou_class_7,iou_class_8,miou,macro_f1,rare_miou
soft_bce_dice__mix_weight-0.5__dice_smooth-1e-07__soft_bce_smooth-0.1,soft_bce_dice,2,44,1,0.6272982050180436,0.6196871287822724,0.5,0.5,1e-07,0.1,0.0,0.3795745227970754,0.0,0.0461296137392472,0.0,0.0,0.0,0.0,0.0,0.04730045961514695,0.07094096379450428,0.08514082730726451
soft_bce_dice__mix_weight-0.5__dice_smooth-1e-07__soft_bce_smooth-0.1,soft_bce_dice,2,44,2,0.6199433976411819,0.6141640399694442,0.5,0.5,1e-07,0.1,0.0,0.48183532031223186,0.0,0.007852438675396665,0.0,0.0,0.3003872830892066,0.0,0.0,0.08778611578631501,0.1253223914954828,0.0979375517975257
soft_bce_dice__mix_weight-0.5__dice_smooth-1e-07__soft_bce_smooth-0.1,soft_bce_dice,2,44,3,0.6184184048175811,0.6142455573081971,0.5,0.5,1e-07,0.1,0.0,0.5102943686676217,0.0,0.010638347664878006,0.0,0.0,0.09250580334293233,0.07699127432224345,0.0,0.07671442155529729,0.11212538047461858,0.10418654326649994
soft_bce_dice__mix_weight-0.5__dice_smooth-1e-07__soft_bce_smooth-0.1,soft_bce_dice,2,44,4,0.6178742676377297,0.6113309992551803,0.5,0.5,1e-07,0.1,0.0,0.5453757898211555,0.0,0.036245309991070465,0.0,0.0,0.2951189994575261,0.0,2.949339200552116e-06,0.09741589428988362,0.1368353041173609,0.1163242199624452
soft_bce_dice__mix_weight-0.5__dice_smooth-1e-07__soft_bce_smooth-0.1,soft_bce_dice,2,44,5,0.6173631339073181,0.6120043152570724,0.5,0.5,1e-07,0.1,0.0,0.5269381572968092,0.0,0.02254903398895031,0.0,0.0,0.2981144657930313,0.0,0.0012208347132661875,0.09431361019911744,0.13289281607060693,0.1098974382571519
