experiment_name,loss_mode,repeat_idx,seed,epoch,train_loss,val_loss,bce_weight,dice_weight,dice_smooth,soft_bce_smooth,iou_class_0,iou_class_1,iou_class_2,iou_class_3,iou_class_4,iou_class_5,iou_class_6,iou_class_7,iou_class_8,miou,macro_f1,rare_miou
soft_bce_dice__mix_weight-0.5__dice_smooth-1e-05__soft_bce_smooth-0.1,soft_bce_dice,1,43,1,0.6268425331711769,0.6163047232627868,0.5,0.5,1e-05,0.1,0.0,0.5209675022996961,0.0,0.005408568182332333,0.0,0.0,0.0,0.0,0.0,0.05848623005355872,0.0773118287486299,0.1052752140964057
soft_bce_dice__mix_weight-0.5__dice_smooth-1e-05__soft_bce_smooth-0.1,soft_bce_dice,1,43,2,0.6203922966718673,0.6144822361469269,0.5,0.5,1e-05,0.1,0.0,0.47302887061069854,0.0,0.017182578421599655,0.0,0.0,0.0717548910904102,0.0,0.0,0.062440704458078714,0.08999329898310643,0.09804228980645964
soft_bce_dice__mix_weight-0.5__dice_smooth-1e-05__soft_bce_smooth-0.1,soft_bce_dice,1,43,3,0.6188957634568214,0.6142965357303619,0.5,0.5,1e-05,0.1,0.0,0.47530226471564263,0.0,0.011064334194653145,0.0,0.0,0.3315372900516254,0.0,0.0,0.09087820988465792,0.1293565376705193,0.09727331978205915
soft_bce_dice__mix_weight-0.5__dice_smooth-1e-05__soft_bce_smooth-0.1,soft_bce_dice,1,43,4,0.6184026431441307,0.6141799945831299,0.5,0.5,1e-05,0.1,0.0,0.5046660086715323,0.0,0.027252838650818838,0.0,0.0,0.11274389677659004,0.0,0.0,0.07162919378877125,0.10294469454295814,0.10638376946447023
soft_bce_dice__mix_weight-0.5__dice_smooth-1e-05__soft_bce_smooth-0.1,soft_bce_dice,1,43,5,0.6175509361028672,0.611793256521225,0.5,0.5,1e-05,0.1,0.0,0.5234087132228505,0.0,0.016646423121243266,0.0,0.0,0.3148881260391729,0.0,0.014120937624155741,0.0965626888897136,0.13630100773865342,0.10801102726881877
