experiment_name,loss_mode,repeat_idx,seed,epoch,train_loss,val_loss,bce_weight,dice_weight,dice_smooth,soft_bce_smooth,iou_class_0,iou_class_1,iou_class_2,iou_class_3,iou_class_4,iou_class_5,iou_class_6,iou_class_7,iou_class_8,miou,macro_f1,rare_miou
soft_bce_dice__mix_weight-0.8__dice_smooth-1e-07__soft_bce_smooth-0.1,soft_bce_dice,0,42,1,0.4163053157031536,0.4079786042571068,0.8,0.19999999999999996,1e-07,0.1,0.0,0.17705060455220786,0.0,0.009460669630245184,0.0,0.0,0.0,0.0,0.0,0.02072347490916145,0.03550907988495316,0.03730225483649061
soft_bce_dice__mix_weight-0.8__dice_smooth-1e-07__soft_bce_smooth-0.1,soft_bce_dice,0,42,2,0.4078113287985325,0.40952458149194715,0.8,0.19999999999999996,1e-07,0.1,0.0,0.5148964079864071,0.0,0.0021788232150171893,0.0,0.0,0.0,0.0,0.0,0.05745280346682492,0.07601398730466119,0.10341504624028486
soft_bce_dice__mix_weight-0.8__dice_smooth-1e-07__soft_bce_smooth-0.1,soft_bce_dice,0,42,3,0.4065701555609703,0.40937945878505705,0.8,0.19999999999999996,1e-07,0.1,0.0,0.5093997487303139,0.0,0.009169685539229215,0.0,0.0,0.0,0.0,0.0,0.05761882602994924,0.07701585545384014,0.10371388685390863
soft_bce_dice__mix_weight-0.8__dice_smooth-1e-07__soft_bce_smooth-0.1,soft_bce_dice,0,42,4,0.4043520891666412,0.4013416476249695,0.8,0.19999999999999996,1e-07,0.1,0.0,0.38024540985242467,0.0,0.005451410711518329,0.0,0.0,0.16792843189031487,0.0,0.0,0.061513916939361986,0.09437692602091402,0.0771393641127886
soft_bce_dice__mix_weight-0.8__dice_smooth-1e-07__soft_bce_smooth-0.1,soft_bce_dice,0,42,5,0.40404543015360833,0.3986773648262024,0.8,0.19999999999999996,1e-07,0.1,0.0,0.5636378654191176,0.0,0.005163033705006846,0.0,0.0,0.1322158666998259,0.0,0.0,0.0778907517582167,0.10719520986872776,0.11376017982482489
