experiment_name,loss_mode,repeat_idx,seed,epoch,train_loss,val_loss,bce_weight,dice_weight,dice_smooth,iou_class_0,iou_class_1,iou_class_2,iou_class_3,iou_class_4,iou_class_5,iou_class_6,iou_class_7,iou_class_8,miou,macro_f1,rare_miou
bce_dice__mix_weight-0.8__dice_smooth-1e-05,bce_dice,0,42,1,0.3006887280344963,0.280169219493866,0.8,0.19999999999999996,1e-05,0.0,0.3792228928322303,0.0,0.007715257071735885,0.0,0.0,0.0,0.0,0.0,0.042993127767107356,0.0628022706103146,0.07738762998079324
bce_dice__mix_weight-0.8__dice_smooth-1e-05,bce_dice,0,42,2,0.28640595556795595,0.2804802126288414,0.8,0.19999999999999996,1e-05,0.0,0.3950197649318698,0.0,0.0005306871237726875,0.0,0.0,0.0,0.0,0.0,0.04395005022840472,0.06304326309566508,0.0791100904111285
bce_dice__mix_weight-0.8__dice_smooth-1e-05,bce_dice,0,42,3,0.2823405388444662,0.27079219433665275,0.8,0.19999999999999996,1e-05,0.0,0.5370437015831033,0.0,0.003550498184742215,0.0,0.0,0.0,0.0,0.0,0.06006602219642728,0.07843074401962526,0.1081188399535691
bce_dice__mix_weight-0.8__dice_smooth-1e-05,bce_dice,0,42,4,0.28069360029697416,0.2702516346275806,0.8,0.19999999999999996,1e-05,0.0,0.37578898955234846,0.0,0.008182058259061252,0.0,0.0,0.0,0.0,0.0,0.042663449756823305,0.06250222348551898,0.07679420956228195
bce_dice__mix_weight-0.8__dice_smooth-1e-05,bce_dice,0,42,5,0.27942868806421756,0.2718706765472889,0.8,0.19999999999999996,1e-05,0.0,0.507575840849856,0.0,0.0064511804379094005,0.0,0.0,0.0,0.0,0.0,0.05711411347641837,0.07624295182144807,0.10280540425755307
