experiment_name,loss_mode,repeat_idx,seed,epoch,train_loss,val_loss,dice_weight,focal_weight,focal_gamma,iou_class_0,iou_class_1,iou_class_2,iou_class_3,iou_class_4,iou_class_5,iou_class_6,iou_class_7,iou_class_8,miou,macro_f1,rare_miou
dice_focal__mix_weight-0.8__gamma-3,dice_focal,2,44,1,0.7761039623022079,0.7745084098577499,0.8,0.19999999999999996,3.0,7.792392843466412e-06,0.40756772587293405,0.0,0.11907507425408347,0.0346241752395124,0.0,0.3351734100243144,0.016592018944354886,0.009595206576328888,0.10251504481159683,0.1569536921868517,0.11225339507330598
dice_focal__mix_weight-0.8__gamma-3,dice_focal,2,44,2,0.7745221741199494,0.7741721159219742,0.8,0.19999999999999996,3.0,0.0,0.4338384288461624,0.0,0.10212000163799036,0.04635347479329033,0.0,0.2593497396641646,0.028290162847502076,0.008191711882851735,0.0975715021857735,0.15135679158787207,0.11646238105548863
dice_focal__mix_weight-0.8__gamma-3,dice_focal,2,44,3,0.7735784274339675,0.7759734944105149,0.8,0.19999999999999996,3.0,0.00018394077324782805,0.4502440316620605,0.0,0.06860321547635045,0.046660671147440505,0.0,0.20939011605740246,0.009743803225701193,0.027398112072503613,0.0902470989349674,0.13975076855609359,0.1131015836571703
dice_focal__mix_weight-0.8__gamma-3,dice_focal,2,44,4,0.77289912712574,0.774192595243454,0.8,0.19999999999999996,3.0,0.0,0.46287154190856633,0.0,0.16442571421581464,0.05009633454748831,0.0,0.3058835412048382,0.02100350869872136,0.06372952609536936,0.11866779629675535,0.18223216112276175,0.13547871813437387
dice_focal__mix_weight-0.8__gamma-3,dice_focal,2,44,5,0.77224755859375,0.7723917082548142,0.8,0.19999999999999996,3.0,0.016949091640795676,0.4114342262201213,0.0,0.1711374624825001,0.04770562759322632,0.0,0.20904643078106186,0.01807504060967313,0.07315588113177066,0.1052781956065721,0.16859001801233042,0.12605546325916955
