experiment_name,loss_mode,repeat_idx,seed,epoch,train_loss,val_loss,bce_weight,dice_weight,dice_smooth,soft_bce_smooth,iou_class_0,iou_class_1,iou_class_2,iou_class_3,iou_class_4,iou_class_5,iou_class_6,iou_class_7,iou_class_8,miou,macro_f1,rare_miou
soft_bce_dice__mix_weight-0.5__dice_smooth-1e-06__soft_bce_smooth-0.05,soft_bce_dice,2,44,1,0.595401841044426,0.5825502116680146,0.5,0.5,1e-06,0.05,0.0,0.4738811215670886,0.0,0.04298604752640485,0.0,0.0,0.179119953049078,0.0,0.0,0.07733190246028572,0.11436522159565432,0.1033734338186987
soft_bce_dice__mix_weight-0.5__dice_smooth-1e-06__soft_bce_smooth-0.05,soft_bce_dice,2,44,2,0.5860434066057205,0.5788103147745133,0.5,0.5,1e-06,0.05,0.0,0.49421104494133455,0.0,0.050062454316932604,0.0,0.0,0.4543625728404059,0.0,0.0,0.11095956356651923,0.15351994168292843,0.10885469985165344
soft_bce_dice__mix_weight-0.5__dice_smooth-1e-06__soft_bce_smooth-0.05,soft_bce_dice,2,44,3,0.5854765486121177,0.5799018586874009,0.5,0.5,1e-06,0.05,0.0,0.5223402979163001,0.0,0.014468332092923109,0.0,0.0,0.06269383139894548,0.0571589152732893,0.0,0.07296237518682866,0.10454272241506486,0.10736172600184464
soft_bce_dice__mix_weight-0.5__dice_smooth-1e-06__soft_bce_smooth-0.05,soft_bce_dice,2,44,4,0.5852388684153557,0.5785742717981338,0.5,0.5,1e-06,0.05,0.0,0.4933983800570121,0.0,0.03892088735740306,0.0,0.0,0.2514109671028571,0.0,0.0,0.08708113716858581,0.1263891361325991,0.10646385348288304
soft_bce_dice__mix_weight-0.5__dice_smooth-1e-06__soft_bce_smooth-0.05,soft_bce_dice,2,44,5,0.5842222962975502,0.5761470798254013,0.5,0.5,1e-06,0.05,0.0,0.5596914181306089,0.0,0.06791453393638931,0.0,0.0,0.3335688543205954,0.0,0.00894918300680006,0.10779155437715485,0.1514322828309825,0.12552119041339965
