experiment_name,loss_mode,repeat_idx,seed,epoch,train_loss,val_loss,bce_weight,dice_weight,dice_smooth,soft_bce_smooth,iou_class_0,iou_class_1,iou_class_2,iou_class_3,iou_class_4,iou_class_5,iou_class_6,iou_class_7,iou_class_8,miou,macro_f1,rare_miou
soft_bce_dice__mix_weight-0.2__dice_smooth-1e-07__soft_bce_smooth-0.1,soft_bce_dice,1,43,1,0.8346005981564522,0.8285017967224121,0.2,0.8,1e-07,0.1,0.0,0.48335044423423573,0.0,0.11007978351099557,0.0,0.0,0.0,0.05889752051082727,0.0,0.07248086091733984,0.10680797132212663,0.11868604554904624
soft_bce_dice__mix_weight-0.2__dice_smooth-1e-07__soft_bce_smooth-0.1,soft_bce_dice,1,43,2,0.8304708041548728,0.8273737488985061,0.2,0.8,1e-07,0.1,0.0,0.4948785076625455,0.0,0.0750388912907872,0.0,0.0,0.3227477666768452,0.05010879351341928,0.03838051325891896,0.10901716360027958,0.1621173313910525,0.11398347979066654
soft_bce_dice__mix_weight-0.2__dice_smooth-1e-07__soft_bce_smooth-0.1,soft_bce_dice,1,43,3,0.8285295307040215,0.8285981025695801,0.2,0.8,1e-07,0.1,0.0,0.45853735155150954,0.0,0.06663359809264285,0.014421592782214138,0.0,0.2839704247029061,0.06035830031676924,0.03891851000057984,0.10253775304962463,0.1570262545628977,0.10791850848527329
soft_bce_dice__mix_weight-0.2__dice_smooth-1e-07__soft_bce_smooth-0.1,soft_bce_dice,1,43,4,0.828012639939785,0.827204780459404,0.2,0.8,1e-07,0.1,0.0,0.5194965012732682,0.0,0.05650874883271838,0.04321494334955826,0.0,0.2527405000064558,0.047311133752307555,0.06454846254681693,0.1093133655290139,0.16541264969734681,0.12384403869110897
soft_bce_dice__mix_weight-0.2__dice_smooth-1e-07__soft_bce_smooth-0.1,soft_bce_dice,1,43,5,0.8275138879418373,0.8241201388835907,0.2,0.8,1e-07,0.1,0.0,0.5640833052910275,0.0,0.07541199107472378,0.07554953893033896,0.0,0.2811866189810018,0.041209362844919904,0.09098751993923018,0.125380926340138,0.18743679804777308,0.14300896705921803
