experiment_name,loss_mode,repeat_idx,seed,epoch,train_loss,val_loss,bce_weight,dice_weight,dice_smooth,iou_class_0,iou_class_1,iou_class_2,iou_class_3,iou_class_4,iou_class_5,iou_class_6,iou_class_7,iou_class_8,miou,macro_f1,rare_miou
bce_dice__mix_weight-0.5__dice_smooth-1e-06,bce_dice,1,43,1,0.5557400018572808,0.5392903258800507,0.5,0.5,1e-06,0.0,0.5163790784562134,0.0,0.00891625944966211,0.0,0.0,0.0,0.0,0.0,0.0583661486562084,0.077638168008379,0.10505906758117511
bce_dice__mix_weight-0.5__dice_smooth-1e-06,bce_dice,1,43,2,0.5442773526310921,0.535308600127697,0.5,0.5,1e-06,0.0,0.4654201205053214,0.0,0.013689984486651558,0.0,0.0,0.2385528594033486,0.0,0.0,0.07974032937725795,0.11638067881565578,0.09582202099839458
bce_dice__mix_weight-0.5__dice_smooth-1e-06,bce_dice,1,43,3,0.5420326843857766,0.5358513165712356,0.5,0.5,1e-06,0.0,0.5377171590653358,0.0,0.01800170688731236,0.0,0.0,0.15763508176579002,0.0435652735523565,0.0,0.08410213569675497,0.12117449348076217,0.11114377319052963
bce_dice__mix_weight-0.5__dice_smooth-1e-06,bce_dice,1,43,4,0.5402586897611618,0.5357135022282601,0.5,0.5,1e-06,0.0,0.42712336594404204,0.0,0.014766495756088372,0.0,0.0,0.06429960885627135,0.08266703963573352,0.0,0.06542850113245947,0.10013584395603213,0.08837797234002608
bce_dice__mix_weight-0.5__dice_smooth-1e-06,bce_dice,1,43,5,0.5392108162045479,0.5310482519865036,0.5,0.5,1e-06,0.0,0.5360454495852524,0.0,0.012779366425790284,0.0,0.0,0.3485117468766493,0.015544222439569644,0.00845979341394904,0.10237117541569007,0.1430516874637089,0.10976496320220852
