experiment_name,loss_mode,repeat_idx,seed,epoch,train_loss,val_loss,focal_weight,tversky_weight,tversky_alpha,tversky_beta,focal_gamma,iou_class_0,iou_class_1,iou_class_2,iou_class_3,iou_class_4,iou_class_5,iou_class_6,iou_class_7,iou_class_8,miou,macro_f1,rare_miou
focal_tversky_mix__mix_weight-0.5__alpha-0.2__gamma-2__beta-0.8,focal_tversky_mix,0,42,1,0.5015964885950088,0.4988208891749382,0.5,0.5,0.2,0.8,2.0,0.0,0.36261091613875923,0.0,0.09797243992704993,0.0,0.0,0.0,0.06234906464822982,0.0,0.05810360230155989,0.09200776127695297,0.09211667121316183
focal_tversky_mix__mix_weight-0.5__alpha-0.2__gamma-2__beta-0.8,focal_tversky_mix,0,42,2,0.49876190358400346,0.5276852512955665,0.5,0.5,0.2,0.8,2.0,0.0,0.024180450320917375,0.0,0.006299020427681745,0.0049397043156640145,0.0,0.0,0.010136234714279069,0.0,0.005061712197615801,0.009959799481603129,0.007083835012852627
focal_tversky_mix__mix_weight-0.5__alpha-0.2__gamma-2__beta-0.8,focal_tversky_mix,0,42,3,0.4980710779428482,0.49737523287534713,0.5,0.5,0.2,0.8,2.0,0.0,0.5154598074023223,0.0,0.01963195676764255,0.10479863646428181,0.0,0.0,0.004595136728344521,0.0,0.07160950415139902,0.10196000610035297,0.12797808012684933
focal_tversky_mix__mix_weight-0.5__alpha-0.2__gamma-2__beta-0.8,focal_tversky_mix,0,42,4,0.4979379607439041,0.4983046839237213,0.5,0.5,0.2,0.8,2.0,0.0,0.2684324281596371,0.0,0.03196364300386066,0.03775688919770676,0.0,0.36836139399925116,0.0,0.0,0.07850159492893953,0.12181800523281908,0.0676305920722409
focal_tversky_mix__mix_weight-0.5__alpha-0.2__gamma-2__beta-0.8,focal_tversky_mix,0,42,5,0.4970821827352047,0.499603825032711,0.5,0.5,0.2,0.8,2.0,0.0,0.47441446167881146,0.0,0.010299684305363635,0.1229912363838288,0.0,0.2260600732719136,0.0,0.0,0.09264060618221305,0.13907993746643652,0.12154107647360077
