experiment_name,loss_mode,repeat_idx,seed,epoch,train_loss,val_loss,bce_weight,dice_weight,dice_smooth,iou_class_0,iou_class_1,iou_class_2,iou_class_3,iou_class_4,iou_class_5,iou_class_6,iou_class_7,iou_class_8,miou,macro_f1,rare_miou
bce_dice__mix_weight-0.8__dice_smooth-1e-07,bce_dice,0,42,1,0.3008518870472908,0.2804842146039009,0.8,0.19999999999999996,1e-07,0.0,0.03210429750899725,0.0,0.011071468239386751,0.0,0.0,0.0,0.0,0.0,0.0047973073053759994,0.009345756633319867,0.0086351531496768
bce_dice__mix_weight-0.8__dice_smooth-1e-07,bce_dice,0,42,2,0.28669677217304707,0.27679068276286123,0.8,0.19999999999999996,1e-07,0.0,0.3937354452935001,0.0,0.0016087550783282427,0.0,0.0,0.0,0.0,0.0,0.04392713337464759,0.06313553093482362,0.07906884007436567
bce_dice__mix_weight-0.8__dice_smooth-1e-07,bce_dice,0,42,3,0.28311800023913386,0.27252925202250483,0.8,0.19999999999999996,1e-07,0.0,0.5275508527692508,0.0,0.009814187499260428,0.0,0.0,0.0,0.0,0.0,0.059707226696501255,0.07890580331294694,0.10747300805370226
bce_dice__mix_weight-0.8__dice_smooth-1e-07,bce_dice,0,42,4,0.28002384401857855,0.2699331170320511,0.8,0.19999999999999996,1e-07,0.0,0.40596202355955274,0.0,0.0060581918664637645,0.0,0.0,0.0,0.0,0.0,0.04578002393622406,0.06550332146761256,0.0824040430852033
bce_dice__mix_weight-0.8__dice_smooth-1e-07,bce_dice,0,42,5,0.2792077997028828,0.2735723634958267,0.8,0.19999999999999996,1e-07,0.0,0.4936619417779316,0.0,0.0067980006581486955,0.0024815790478372067,0.0,0.0,0.0,0.0,0.05588239127599083,0.07549600033002979,0.10058830429678349
