experiment_name,loss_mode,repeat_idx,seed,epoch,train_loss,val_loss,bce_weight,dice_weight,dice_smooth,soft_bce_smooth,iou_class_0,iou_class_1,iou_class_2,iou_class_3,iou_class_4,iou_class_5,iou_class_6,iou_class_7,iou_class_8,miou,macro_f1,rare_miou
soft_bce_dice__mix_weight-0.8__dice_smooth-1e-05__soft_bce_smooth-0.1,soft_bce_dice,0,42,1,0.41632652163505557,0.42186194425821305,0.8,0.19999999999999996,1e-05,0.1,0.0,0.28023338743355775,0.0,0.004990901702551814,0.0,0.0,0.001499452123262654,0.0,0.0,0.031858193473263574,0.05007905463408509,0.057044857827221906
soft_bce_dice__mix_weight-0.8__dice_smooth-1e-05__soft_bce_smooth-0.1,soft_bce_dice,0,42,2,0.4076468958258629,0.40474288469552994,0.8,0.19999999999999996,1e-05,0.1,0.0,0.4239540514969041,0.0,0.0017246154868453111,0.0,0.0,0.0008377384643895704,0.0,0.0,0.04739071171645989,0.06673085161266468,0.08513573339674989
soft_bce_dice__mix_weight-0.8__dice_smooth-1e-05__soft_bce_smooth-0.1,soft_bce_dice,0,42,3,0.4058713473081589,0.4104196029305458,0.8,0.19999999999999996,1e-05,0.1,0.0,0.4248067428697917,0.0,0.013129672417377548,0.0,0.0,0.0,0.0,0.0,0.04865960169857436,0.06913554401331455,0.08758728305743385
soft_bce_dice__mix_weight-0.8__dice_smooth-1e-05__soft_bce_smooth-0.1,soft_bce_dice,0,42,4,0.40374903473258017,0.39993192738294603,0.8,0.19999999999999996,1e-05,0.1,0.0,0.3870947837424961,0.0,0.0013308918600703548,0.0,0.0,0.028883309220708617,0.0,0.0,0.046367664980363904,0.06854896419488007,0.0776851351205133
soft_bce_dice__mix_weight-0.8__dice_smooth-1e-05__soft_bce_smooth-0.1,soft_bce_dice,0,42,5,0.40342024129629134,0.39835033851861956,0.8,0.19999999999999996,1e-05,0.1,0.0,0.5046038867214485,0.0,0.008490755615779283,0.0,0.0,0.0,0.0,0.0,0.057010515815247534,0.07639833641152254,0.10261892846744555
