experiment_name,loss_mode,repeat_idx,seed,epoch,train_loss,val_loss,bce_weight,dice_weight,dice_smooth,soft_bce_smooth,iou_class_0,iou_class_1,iou_class_2,iou_class_3,iou_class_4,iou_class_5,iou_class_6,iou_class_7,iou_class_8,miou,macro_f1,rare_miou
soft_bce_dice__mix_weight-0.2__dice_smooth-1e-06__soft_bce_smooth-0.05,soft_bce_dice,1,43,1,0.8224991576075554,0.8160107585191727,0.2,0.8,1e-06,0.05,0.0,0.5142393903786775,0.0,0.08070377969408955,0.0,0.0,0.17920787040542369,0.0,0.0,0.08601678227535453,0.12583390966574962,0.11898863401455342
soft_bce_dice__mix_weight-0.2__dice_smooth-1e-06__soft_bce_smooth-0.05,soft_bce_dice,1,43,2,0.8176661958694458,0.813033030629158,0.2,0.8,1e-06,0.05,0.0,0.4841121514963373,0.0,0.06761687092681931,0.0,0.0,0.4327486692381438,0.01593791168279327,0.0032510167395489375,0.11151851334262695,0.15788891408573016,0.11034580448463131
soft_bce_dice__mix_weight-0.2__dice_smooth-1e-06__soft_bce_smooth-0.05,soft_bce_dice,1,43,3,0.8154996184110641,0.8131199365854264,0.2,0.8,1e-06,0.05,0.0,0.49213121507894825,0.0,0.043429956850899155,0.05554904488456579,0.0,0.42533733535467,0.04332400695676985,0.0741931742786169,0.12599608148938557,0.18512691387093874,0.11822204336288264
soft_bce_dice__mix_weight-0.2__dice_smooth-1e-06__soft_bce_smooth-0.05,soft_bce_dice,1,43,4,0.8144282225370407,0.812066708445549,0.2,0.8,1e-06,0.05,0.0,0.5621815855697738,0.0,0.10040351919352401,0.06069711538461538,0.0,0.2440381838507841,0.05005610182533147,0.06237333390173125,0.11997220441397333,0.18019626649163312,0.14465644402958264
soft_bce_dice__mix_weight-0.2__dice_smooth-1e-06__soft_bce_smooth-0.05,soft_bce_dice,1,43,5,0.8138369765281678,0.8210771400928497,0.2,0.8,1e-06,0.05,0.008487768635610815,0.3205269465114722,0.0,0.09182204329165244,0.08480665338676295,0.0,0.1787922126100083,0.05295986281916502,0.06861350030427177,0.08955655417321595,0.1510217048232813,0.09943112863797751
