experiment_name,loss_mode,repeat_idx,seed,epoch,train_loss,val_loss,bce_weight,dice_weight,dice_smooth,iou_class_0,iou_class_1,iou_class_2,iou_class_3,iou_class_4,iou_class_5,iou_class_6,iou_class_7,iou_class_8,miou,macro_f1,rare_miou
bce_dice__mix_weight-0.8__dice_smooth-1e-07,bce_dice,2,44,1,0.30066506619751454,0.274412162065506,0.8,0.19999999999999996,1e-07,0.0,0.5106675194436321,0.0,0.0087065770225689,0.0,0.0,0.0,0.0,0.0,0.057708232940689004,0.07703831126551838,0.1038748192932402
bce_dice__mix_weight-0.8__dice_smooth-1e-07,bce_dice,2,44,2,0.2830473399311304,0.2705689838528633,0.8,0.19999999999999996,1e-07,0.0,0.5361877894493602,0.0,0.0035467861354955884,0.0,0.0,0.0,0.0,0.0,0.059970508398317315,0.07834937112244328,0.10794691511697116
bce_dice__mix_weight-0.8__dice_smooth-1e-07,bce_dice,2,44,3,0.28056506790220737,0.27400320234894754,0.8,0.19999999999999996,1e-07,0.0,0.4524844758076714,0.0,0.0017412755169285178,0.0,0.0,0.0,0.0,0.0,0.05046952792495555,0.0696139404518799,0.09084515026491999
bce_dice__mix_weight-0.8__dice_smooth-1e-07,bce_dice,2,44,4,0.2792746292799711,0.27592047286033633,0.8,0.19999999999999996,1e-07,0.0,0.3818438114177456,0.0,0.005427913199095706,0.0,0.0,0.0,0.0,0.0,0.043030191624093474,0.06260618265363223,0.07745434492336825
bce_dice__mix_weight-0.8__dice_smooth-1e-07,bce_dice,2,44,5,0.2780010977387428,0.26528227046132086,0.8,0.19999999999999996,1e-07,0.0,0.5569798404565214,0.0,0.022981083775241766,0.0,0.0,0.13492608295757902,0.0,0.0,0.07943188968770469,0.11090690948981885,0.11599218484635263
