experiment_name,loss_mode,repeat_idx,seed,epoch,train_loss,val_loss,bce_weight,dice_weight,dice_smooth,soft_bce_smooth,iou_class_0,iou_class_1,iou_class_2,iou_class_3,iou_class_4,iou_class_5,iou_class_6,iou_class_7,iou_class_8,miou,macro_f1,rare_miou
soft_bce_dice__mix_weight-0.5__dice_smooth-1e-07__soft_bce_smooth-0.1,soft_bce_dice,0,42,1,0.6264354249835015,0.6213096506595611,0.5,0.5,1e-07,0.1,0.0,0.5164796718714223,0.0,0.011839143847594673,0.0,0.0,0.0,0.0,0.0,0.058702090635446326,0.07828414597997958,0.1056637631438034
soft_bce_dice__mix_weight-0.5__dice_smooth-1e-07__soft_bce_smooth-0.1,soft_bce_dice,0,42,2,0.620343516767025,0.6169536362886429,0.5,0.5,1e-07,0.1,0.0,0.4975281011184455,0.0,0.012132580904866009,0.0,0.0,0.0,0.007737604042503333,0.0,0.057488698451757206,0.07819960828363731,0.1019321364046623
soft_bce_dice__mix_weight-0.5__dice_smooth-1e-07__soft_bce_smooth-0.1,soft_bce_dice,0,42,3,0.6189011501073838,0.6155100479125977,0.5,0.5,1e-07,0.1,0.0,0.5593062364953437,0.0,0.024346847307857192,0.0,0.0,0.10407643118088108,0.0,0.004340538018159873,0.07689667255580465,0.10689882337892513,0.11673061676064019
soft_bce_dice__mix_weight-0.5__dice_smooth-1e-07__soft_bce_smooth-0.1,soft_bce_dice,0,42,4,0.6176438958644866,0.6136438648700714,0.5,0.5,1e-07,0.1,0.0,0.49305629314520477,0.0,0.01310945129408166,0.0,0.0,0.41199635178894056,0.1013184998087966,0.0,0.11327562178189149,0.16154511883037082,0.10123314888785728
soft_bce_dice__mix_weight-0.5__dice_smooth-1e-07__soft_bce_smooth-0.1,soft_bce_dice,0,42,5,0.6170692774653435,0.6140300997495651,0.5,0.5,1e-07,0.1,0.0,0.5427217408041152,0.0,0.013390850968487357,0.0,0.0,0.36059482383645064,0.0,0.0,0.10185637951211701,0.14000804626991847,0.1112225183545205
