experiment_name,loss_mode,repeat_idx,seed,epoch,train_loss,val_loss,bce_weight,dice_weight,dice_smooth,iou_class_0,iou_class_1,iou_class_2,iou_class_3,iou_class_4,iou_class_5,iou_class_6,iou_class_7,iou_class_8,miou,macro_f1,rare_miou
bce_dice__mix_weight-0.8__dice_smooth-1e-05,bce_dice,1,43,1,0.2997340155094862,0.28383466631174087,0.8,0.19999999999999996,1e-05,0.0,0.36213215172966107,0.0,0.00022776972667840807,0.0,0.0,0.0,0.0,0.0,0.04026221349514883,0.05912990210683,0.0724719842912679
bce_dice__mix_weight-0.8__dice_smooth-1e-05,bce_dice,1,43,2,0.2847794634103775,0.27295490527153016,0.8,0.19999999999999996,1e-05,0.0,0.4334860927677406,0.0,0.0046633758597131,0.0,0.0,0.0,0.0,0.0,0.0486832742919393,0.06823147973193919,0.08762989372549074
bce_dice__mix_weight-0.8__dice_smooth-1e-05,bce_dice,1,43,3,0.2817093250602484,0.2689787953197956,0.8,0.19999999999999996,1e-05,0.0,0.4744813661677636,0.0,0.008216036534166036,0.0,0.0,0.12055047633857313,0.0,0.0,0.0670275421156114,0.09722799820376801,0.09653948054038593
bce_dice__mix_weight-0.8__dice_smooth-1e-05,bce_dice,1,43,4,0.2801919993162155,0.2702951954603195,0.8,0.19999999999999996,1e-05,0.0,0.4055376721220078,0.0,0.003991598473500234,0.0,0.0,0.02419163505001929,0.0,0.0,0.04819121173839193,0.07024987761474855,0.0819058541191016
bce_dice__mix_weight-0.8__dice_smooth-1e-05,bce_dice,1,43,5,0.2796689631342888,0.2655228531062603,0.8,0.19999999999999996,1e-05,0.0,0.4637509037463076,0.0,0.003321123705726975,0.0,0.0,0.301304089373032,0.0,0.0,0.08537512409167407,0.12259419736732734,0.09341440549040692
