experiment_name,loss_mode,repeat_idx,seed,epoch,train_loss,val_loss,bce_weight,dice_weight,dice_smooth,soft_bce_smooth,iou_class_0,iou_class_1,iou_class_2,iou_class_3,iou_class_4,iou_class_5,iou_class_6,iou_class_7,iou_class_8,miou,macro_f1,rare_miou
soft_bce_dice__mix_weight-0.5__dice_smooth-1e-05__soft_bce_smooth-0e+00,soft_bce_dice,0,42,1,0.5555377741456031,0.5425549843907356,0.5,0.5,1e-05,0.0,0.0,0.4147639550156264,0.0,0.009772794816900087,0.0,0.0,0.0,0.0,0.0,0.047170749981391834,0.06729922660312712,0.0849073499665053
soft_bce_dice__mix_weight-0.5__dice_smooth-1e-05__soft_bce_smooth-0e+00,soft_bce_dice,0,42,2,0.5462315329909324,0.5410179981589317,0.5,0.5,1e-05,0.0,0.0,0.3502387477220464,0.0,0.005931129380085381,0.0,0.0,0.0,0.0,0.0,0.03957443078912575,0.058952532159770726,0.07123397542042635
soft_bce_dice__mix_weight-0.5__dice_smooth-1e-05__soft_bce_smooth-0e+00,soft_bce_dice,0,42,3,0.5433510268330574,0.5369310886263847,0.5,0.5,1e-05,0.0,0.0,0.50237469369503,0.0,0.023225244770329,0.0,0.0,0.0034601146713958576,0.0,0.0,0.058784450348528305,0.0801185209956328,0.10511998769307178
soft_bce_dice__mix_weight-0.5__dice_smooth-1e-05__soft_bce_smooth-0e+00,soft_bce_dice,0,42,4,0.5407964383363724,0.5348280312418938,0.5,0.5,1e-05,0.0,0.0,0.505886526792586,0.0,0.016641656734071763,0.03070554086481267,0.0,0.4086550686122526,0.0,0.0,0.10687653255596924,0.14937830875097072,0.11064674487829411
soft_bce_dice__mix_weight-0.5__dice_smooth-1e-05__soft_bce_smooth-0e+00,soft_bce_dice,0,42,5,0.5408547235131264,0.5348384601473808,0.5,0.5,1e-05,0.0,0.0,0.5419158230546289,0.0,0.013828877926256346,0.06786109736848303,0.0,0.17059665662236337,0.0,0.0,0.0882447172190813,0.12763996035566766,0.12472115966987365
