experiment_name,loss_mode,repeat_idx,seed,epoch,train_loss,val_loss,bce_weight,dice_weight,dice_smooth,soft_bce_smooth,iou_class_0,iou_class_1,iou_class_2,iou_class_3,iou_class_4,iou_class_5,iou_class_6,iou_class_7,iou_class_8,miou,macro_f1,rare_miou
soft_bce_dice__mix_weight-0.8__dice_smooth-1e-07__soft_bce_smooth-0e+00,soft_bce_dice,2,44,1,0.3013912986665964,0.27458297535777093,0.8,0.19999999999999996,1e-07,0.0,0.0,0.48047702212032306,0.0,0.005431614495274724,0.0,0.0,0.0,0.0,0.0,0.0539898485128442,0.07332095647478815,0.09718172732311955
soft_bce_dice__mix_weight-0.8__dice_smooth-1e-07__soft_bce_smooth-0e+00,soft_bce_dice,2,44,2,0.2833018608093262,0.2697660302221775,0.8,0.19999999999999996,1e-07,0.0,0.0,0.4338024809160305,0.0,0.0014722133306790664,0.0,0.0,0.12267764669081636,0.0,0.0,0.061994704548613985,0.091843618382782,0.08705493884934191
soft_bce_dice__mix_weight-0.8__dice_smooth-1e-07__soft_bce_smooth-0e+00,soft_bce_dice,2,44,3,0.28086535635590554,0.2725121327638626,0.8,0.19999999999999996,1e-07,0.0,0.0,0.4667639217040668,0.0,0.0029088427883004146,0.0,0.0,0.0,0.0,5.177453957524561e-05,0.0521916154479936,0.07137315656498933,0.09393455289847344
soft_bce_dice__mix_weight-0.8__dice_smooth-1e-07__soft_bce_smooth-0e+00,soft_bce_dice,2,44,4,0.2799430848658085,0.2674835638999939,0.8,0.19999999999999996,1e-07,0.0,0.0,0.4115058666061024,0.0,0.010044084966928093,0.0,0.0,0.0,0.0,0.0,0.0468388835081145,0.06699577297141056,0.08430999031460609
soft_bce_dice__mix_weight-0.8__dice_smooth-1e-07__soft_bce_smooth-0e+00,soft_bce_dice,2,44,5,0.2782582331746817,0.26784563857316973,0.8,0.19999999999999996,1e-07,0.0,0.0,0.5581368506763178,0.0,0.012894344319641713,0.0,0.0,0.3726861943745448,0.0,0.0,0.10485748770783382,0.14276431669896114,0.11420623899919191
