experiment_name,loss_mode,repeat_idx,seed,epoch,train_loss,val_loss,bce_weight,dice_weight,dice_smooth,soft_bce_smooth,iou_class_0,iou_class_1,iou_class_2,iou_class_3,iou_class_4,iou_class_5,iou_class_6,iou_class_7,iou_class_8,miou,macro_f1,rare_miou
soft_bce_dice__mix_weight-0.8__dice_smooth-1e-06__soft_bce_smooth-0.1,soft_bce_dice,1,43,1,0.416446424305439,0.4046982914805412,0.8,0.19999999999999996,1e-06,0.1,0.0,0.41919335132462787,0.0,0.0019785641499173896,0.0,0.0,0.0,0.0,0.0,0.04679687949717169,0.06607756304337063,0.08423438309490905
soft_bce_dice__mix_weight-0.8__dice_smooth-1e-06__soft_bce_smooth-0.1,soft_bce_dice,1,43,2,0.40701454725861547,0.39972916507720946,0.8,0.19999999999999996,1e-06,0.1,0.0,0.356224973876698,0.0,0.003917449575656178,0.0,0.0,0.0,0.0,0.0,0.04001582482803935,0.05923585963799284,0.07202848469047082
soft_bce_dice__mix_weight-0.8__dice_smooth-1e-06__soft_bce_smooth-0.1,soft_bce_dice,1,43,3,0.4057534154057503,0.39794746136665343,0.8,0.19999999999999996,1e-06,0.1,0.0,0.48715283174141427,0.0,0.00785558444188426,0.0,0.0,0.152474140160331,0.0,0.0,0.07194250626040327,0.10392668481612108,0.09900168323665971
soft_bce_dice__mix_weight-0.8__dice_smooth-1e-06__soft_bce_smooth-0.1,soft_bce_dice,1,43,4,0.404715455442667,0.3985391050577164,0.8,0.19999999999999996,1e-06,0.1,0.0,0.4445799223267231,0.0,0.00216328778973277,0.0,0.0,0.03995340345949374,0.0,1.633369343682797e-05,0.05407921636326516,0.07741125371183902,0.08934864202329118
soft_bce_dice__mix_weight-0.8__dice_smooth-1e-06__soft_bce_smooth-0.1,soft_bce_dice,1,43,5,0.40410451075434684,0.39564870643615724,0.8,0.19999999999999996,1e-06,0.1,0.0,0.4977149994779454,0.0,0.0012849264792811799,0.0,0.0,0.39462481154331747,0.0,0.0,0.09929163750006045,0.13701350630376963,0.09979998519144531
