experiment_name,loss_mode,repeat_idx,seed,epoch,train_loss,val_loss,bce_weight,dice_weight,dice_smooth,iou_class_0,iou_class_1,iou_class_2,iou_class_3,iou_class_4,iou_class_5,iou_class_6,iou_class_7,iou_class_8,miou,macro_f1,rare_miou
bce_dice__mix_weight-0.2__dice_smooth-1e-06,bce_dice,2,44,1,0.8075256140232087,0.799960400223732,0.2,0.8,1e-06,0.0,0.44785546602141874,0.0,0.07793466049675485,0.0,0.0,0.2939160134719247,0.07968304881791731,0.0,0.09993213208977952,0.15168397364948694,0.10515802530363472
bce_dice__mix_weight-0.2__dice_smooth-1e-06,bce_dice,2,44,2,0.8009759168624878,0.7949764968156815,0.2,0.8,1e-06,0.0,0.5591265190664323,0.0,0.07430005640492605,0.034541816897435344,0.0,0.3877331396865386,0.046118614210217256,0.0011386270340929348,0.12255097481107138,0.17461961319134692,0.13359367847375875
bce_dice__mix_weight-0.2__dice_smooth-1e-06,bce_dice,2,44,3,0.7989285377860069,0.7967402983903885,0.2,0.8,1e-06,0.0,0.5444880781483458,0.0,0.017022925243359546,0.05592039616275345,0.0,0.3122118535308096,0.03639514934812249,0.040962889477164095,0.11188903243450612,0.16325091955722668,0.12348627991089176
bce_dice__mix_weight-0.2__dice_smooth-1e-06,bce_dice,2,44,4,0.7973576931357383,0.7946609458923339,0.2,0.8,1e-06,0.06476398957553921,0.5118206456338461,0.0,0.09710884515718805,0.03990080162600393,0.0,0.3168344464816631,0.04029821311602418,0.10332919875120196,0.13045068226016293,0.19983251179716963,0.12976605848340764
bce_dice__mix_weight-0.2__dice_smooth-1e-06,bce_dice,2,44,5,0.7949607467651367,0.791076208114624,0.2,0.8,1e-06,0.08802546216964416,0.514185967255786,0.0,0.13472133557088029,0.0643514242071741,0.0,0.26863948834904094,0.04643511973216071,0.07848944640437384,0.13276091596545114,0.20635018709822228,0.1426517454067681
