experiment_name,loss_mode,repeat_idx,seed,epoch,train_loss,val_loss,bce_weight,dice_weight,dice_smooth,soft_bce_smooth,iou_class_0,iou_class_1,iou_class_2,iou_class_3,iou_class_4,iou_class_5,iou_class_6,iou_class_7,iou_class_8,miou,macro_f1,rare_miou
soft_bce_dice__mix_weight-0.8__dice_smooth-1e-07__soft_bce_smooth-0.1,soft_bce_dice,1,43,1,0.41719031900167464,0.6474533436298371,0.8,0.19999999999999996,1e-07,0.1,0.0,0.20725171861223166,0.0,0.000970720154676943,0.0,0.0,0.0,0.0,0.0,0.02313582652965651,0.03836491364583493,0.04164448775338172
soft_bce_dice__mix_weight-0.8__dice_smooth-1e-07__soft_bce_smooth-0.1,soft_bce_dice,1,43,2,0.40779614570736883,0.39877930271625517,0.8,0.19999999999999996,1e-07,0.1,0.0,0.42330858686767686,0.0,0.0015841597400078906,0.0,0.0,0.0,0.0,0.0,0.047210305178631645,0.06644296140904019,0.08497854932153695
soft_bce_dice__mix_weight-0.8__dice_smooth-1e-07__soft_bce_smooth-0.1,soft_bce_dice,1,43,3,0.40577884060144426,0.3985320321321487,0.8,0.19999999999999996,1e-07,0.1,0.0,0.5169118883157817,0.0,0.008240067019964796,0.0,0.0,0.0,0.0,0.0,0.058350217259527395,0.07754192264261686,0.10503039106714931
soft_bce_dice__mix_weight-0.8__dice_smooth-1e-07__soft_bce_smooth-0.1,soft_bce_dice,1,43,4,0.40586604592204095,0.40072306323051454,0.8,0.19999999999999996,1e-07,0.1,0.0,0.2902518139478191,0.0,0.002485294410704482,0.0,0.0,0.0,0.0,0.0,0.03252634537316929,0.050541472545866356,0.05854742167170472
soft_bce_dice__mix_weight-0.8__dice_smooth-1e-07__soft_bce_smooth-0.1,soft_bce_dice,1,43,5,0.40583263272047043,0.405636719584465,0.8,0.19999999999999996,1e-07,0.1,0.0,0.4744206232220811,0.0,0.008906320652953836,0.0,0.0,0.24700980060571165,0.0,0.0,0.0811485271645274,0.11748374930359229,0.096665388775007
