experiment_name,loss_mode,repeat_idx,seed,epoch,train_loss,val_loss,focal_weight,tversky_weight,tversky_alpha,tversky_beta,focal_gamma,iou_class_0,iou_class_1,iou_class_2,iou_class_3,iou_class_4,iou_class_5,iou_class_6,iou_class_7,iou_class_8,miou,macro_f1,rare_miou
focal_tversky_mix__mix_weight-0.2__alpha-0.8__gamma-3__beta-0.2,focal_tversky_mix,0,42,1,0.7730602086186409,0.7719782987833023,0.2,0.8,0.8,0.19999999999999996,3.0,0.0,0.3007865371601625,0.0,0.14055083333527557,0.01824426120077404,0.0,0.17486338797814208,0.01282667649567399,0.09173104375332401,0.08211141554703913,0.1373127370965724,0.09191632633924243
focal_tversky_mix__mix_weight-0.2__alpha-0.8__gamma-3__beta-0.2,focal_tversky_mix,0,42,2,0.7704101437330246,0.7703767582178116,0.2,0.8,0.8,0.19999999999999996,3.0,0.0,0.280491739217041,0.0007411394891272441,0.15582316950795044,0.02737639730727993,0.0,0.2570226754934115,0.03064783064386238,0.07415954841774418,0.09180694445293519,0.15211083102108158,0.09288648910427973
focal_tversky_mix__mix_weight-0.2__alpha-0.8__gamma-3__beta-0.2,focal_tversky_mix,0,42,3,0.7694546007514,0.775617550611496,0.2,0.8,0.8,0.19999999999999996,3.0,0.050956662363755394,0.3231953958545459,0.009177753374602773,0.15661677079947364,0.013438318585028256,0.0,0.2332268044093973,0.020473531862071657,0.05200823859939544,0.09545483064980781,0.15758278385043153,0.10048564772273012
focal_tversky_mix__mix_weight-0.2__alpha-0.8__gamma-3__beta-0.2,focal_tversky_mix,0,42,4,0.7685273879170418,0.7689685720205307,0.2,0.8,0.8,0.19999999999999996,3.0,0.07672055206447911,0.3732878517687679,0.002136425031864534,0.1615925201920594,0.045859722472070416,0.0,0.25764166026834984,0.015784548712173142,0.11022853454111642,0.11591686833898675,0.18841173954357604,0.11657530389295243
focal_tversky_mix__mix_weight-0.2__alpha-0.8__gamma-3__beta-0.2,focal_tversky_mix,0,42,5,0.7673016555905342,0.7661719793081283,0.2,0.8,0.8,0.19999999999999996,3.0,0.06780744867897887,0.3364399340822028,0.03288291341720083,0.20038842222424655,0.07978240048409962,0.0,0.29104144638943696,0.014316089467166027,0.104898918981066,0.1252841748582664,0.20497560258611455,0.12989873404154997
