experiment_name,loss_mode,repeat_idx,seed,epoch,train_loss,val_loss,bce_weight,dice_weight,dice_smooth,soft_bce_smooth,iou_class_0,iou_class_1,iou_class_2,iou_class_3,iou_class_4,iou_class_5,iou_class_6,iou_class_7,iou_class_8,miou,macro_f1,rare_miou
soft_bce_dice__mix_weight-0.5__dice_smooth-1e-07__soft_bce_smooth-0.05,soft_bce_dice,2,44,1,0.5959923862218857,0.5824926199913025,0.5,0.5,1e-07,0.05,0.0,0.47480769115037447,0.0,0.025689324855933303,0.0,0.0,0.0,0.0,0.0,0.05561077955625642,0.07710920146586453,0.10009940320126157
soft_bce_dice__mix_weight-0.5__dice_smooth-1e-07__soft_bce_smooth-0.05,soft_bce_dice,2,44,2,0.5867996997833252,0.5807761436700821,0.5,0.5,1e-07,0.05,0.0,0.43414049453519427,0.0,0.008137482052057306,0.0,0.0,0.3480138624493581,0.0,0.0,0.08781020433740108,0.12643509106237147,0.08845559531745031
soft_bce_dice__mix_weight-0.5__dice_smooth-1e-07__soft_bce_smooth-0.05,soft_bce_dice,2,44,3,0.585092778980732,0.5829514985084534,0.5,0.5,1e-07,0.05,0.0,0.4923633510772168,0.0,0.008671405260675271,0.0,0.0,0.06480810662672506,0.014455935367415256,0.0,0.0644776442591147,0.09191829901493452,0.10020695126757842
soft_bce_dice__mix_weight-0.5__dice_smooth-1e-07__soft_bce_smooth-0.05,soft_bce_dice,2,44,4,0.5846251397132873,0.576824925661087,0.5,0.5,1e-07,0.05,0.0,0.5577984474382424,0.0,0.04183106377757882,0.0,0.0,0.0036672328740360457,0.0,0.0,0.0670329715655397,0.08930527775129572,0.11992590224316424
soft_bce_dice__mix_weight-0.5__dice_smooth-1e-07__soft_bce_smooth-0.05,soft_bce_dice,2,44,5,0.5836913052201271,0.5771324008703231,0.5,0.5,1e-07,0.05,0.0,0.5634730969182185,0.0,0.03586583792614215,0.0,0.0,0.2783121142234812,0.0,0.0,0.09751678322976019,0.13616461931334178,0.11986778696887213
