experiment_name,loss_mode,repeat_idx,seed,epoch,train_loss,val_loss,bce_weight,dice_weight,dice_smooth,soft_bce_smooth,iou_class_0,iou_class_1,iou_class_2,iou_class_3,iou_class_4,iou_class_5,iou_class_6,iou_class_7,iou_class_8,miou,macro_f1,rare_miou
soft_bce_dice__mix_weight-0.5__dice_smooth-1e-05__soft_bce_smooth-0.05,soft_bce_dice,0,42,1,0.594833044052124,0.5848946837186814,0.5,0.5,1e-05,0.05,0.0,0.38192131771365034,0.0,0.012080393304179341,0.0,0.0,0.0,0.0,5.256180010780066e-05,0.04378380809088194,0.06407967955844221,0.07880034220356594
soft_bce_dice__mix_weight-0.5__dice_smooth-1e-05__soft_bce_smooth-0.05,soft_bce_dice,0,42,2,0.5874393503665924,0.5817452373504639,0.5,0.5,1e-05,0.05,0.0,0.47925074368973114,0.0,0.015869138714297425,0.0,0.0,0.0,0.0,0.0,0.05501332026711428,0.0754674067589564,0.09902397648080571
soft_bce_dice__mix_weight-0.5__dice_smooth-1e-05__soft_bce_smooth-0.05,soft_bce_dice,0,42,3,0.5855644817352295,0.5820289927721024,0.5,0.5,1e-05,0.05,0.0,0.525623757306309,0.0,0.027082085644128815,0.0,0.0,0.0001298398135831783,0.0,0.0,0.061426186973780106,0.08245071213177922,0.11054116859008756
soft_bce_dice__mix_weight-0.5__dice_smooth-1e-05__soft_bce_smooth-0.05,soft_bce_dice,0,42,4,0.5860189063549042,0.5854042941331863,0.5,0.5,1e-05,0.05,0.0,0.4521541194212711,0.0,0.020850639824666832,0.0,0.0,0.3154286769983839,0.0,0.0,0.08760371513825799,0.12701870582014493,0.09460095184918758
soft_bce_dice__mix_weight-0.5__dice_smooth-1e-05__soft_bce_smooth-0.05,soft_bce_dice,0,42,5,0.5849200942516327,0.5786020672321319,0.5,0.5,1e-05,0.05,0.0,0.5531482988945482,0.0,0.009042138437178956,0.0,0.0,0.2736811485087524,0.0,0.0,0.09287462064894217,0.1288848302141312,0.11243808746634543
