experiment_name,loss_mode,repeat_idx,seed,epoch,train_loss,val_loss,bce_weight,dice_weight,dice_smooth,iou_class_0,iou_class_1,iou_class_2,iou_class_3,iou_class_4,iou_class_5,iou_class_6,iou_class_7,iou_class_8,miou,macro_f1,rare_miou
bce_dice__mix_weight-0.2__dice_smooth-1e-05,bce_dice,1,43,1,0.8077168987989426,0.8002807886600495,0.2,0.8,1e-05,0.0,0.43357952454311566,0.0,0.10625497396449478,0.0,0.0,0.1851215913323134,0.004164821926835043,3.4890731684729955e-05,0.08101731138871596,0.12419595961348387,0.1079668997015221
bce_dice__mix_weight-0.2__dice_smooth-1e-05,bce_dice,1,43,2,0.8017392000555992,0.7976098355054856,0.2,0.8,1e-05,0.0,0.4903279874124291,0.0,0.05975100653640988,0.0,0.0,0.39309807151459086,0.03720513042270427,0.03799169761021726,0.11315265483292793,0.16445245508392914,0.11001579878976779
bce_dice__mix_weight-0.2__dice_smooth-1e-05,bce_dice,1,43,3,0.798663388967514,0.7969048893451691,0.2,0.8,1e-05,0.0,0.4244285008338348,0.0,0.10373010769647631,0.054644074949763304,0.0,0.3613955499894133,0.03546628155538873,0.04817999820604867,0.11420494591454723,0.17542995477339343,0.11656053669601489
bce_dice__mix_weight-0.2__dice_smooth-1e-05,bce_dice,1,43,4,0.7974211806654931,0.8077208650112152,0.2,0.8,1e-05,0.0,0.3834670289551281,0.0,0.06613097757000141,0.04516674128256311,0.0,0.17289642755830645,0.05547392665880003,0.03529980332889226,0.08427054503929904,0.1369969836402522,0.09895294956153852
bce_dice__mix_weight-0.2__dice_smooth-1e-05,bce_dice,1,43,5,0.7971381832957267,0.7920629383325577,0.2,0.8,1e-05,0.06568873522201833,0.5513191623162951,0.0,0.05870642572169202,0.08292116262080691,0.0,0.2864021326924254,0.0408786668409447,0.08115147368573804,0.12967419545554673,0.19689364843176693,0.13858935013175883
