experiment_name,loss_mode,repeat_idx,seed,epoch,train_loss,val_loss,focal_weight,tversky_weight,tversky_alpha,tversky_beta,focal_gamma,iou_class_0,iou_class_1,iou_class_2,iou_class_3,iou_class_4,iou_class_5,iou_class_6,iou_class_7,iou_class_8,miou,macro_f1,rare_miou
focal_tversky_mix__mix_weight-0.5__alpha-0.2__gamma-1__beta-0.8,focal_tversky_mix,2,44,1,0.5184358461201191,0.5109514025449753,0.5,0.5,0.2,0.8,1.0,0.0,0.4424491246189232,0.0,0.02053764349867324,0.0,0.0,0.0011887561068720735,0.0,0.0,0.05157505824716317,0.07289918439255608,0.0925973536235193
focal_tversky_mix__mix_weight-0.5__alpha-0.2__gamma-1__beta-0.8,focal_tversky_mix,2,44,2,0.512599126368761,0.5096723373532295,0.5,0.5,0.2,0.8,1.0,0.0,0.45693210272060214,0.0,0.005653381445978666,0.0,0.0,0.0,0.00373583578177566,0.0,0.05181347999426183,0.07177105509113167,0.09251709683331616
focal_tversky_mix__mix_weight-0.5__alpha-0.2__gamma-1__beta-0.8,focal_tversky_mix,2,44,3,0.5112058399021625,0.5088484063148498,0.5,0.5,0.2,0.8,1.0,0.0,0.46640362605610075,0.0,0.008065929692494634,0.0,0.0,0.0,0.0059722585203898886,0.0,0.05338242380766503,0.07377726853517702,0.09489391114971908
focal_tversky_mix__mix_weight-0.5__alpha-0.2__gamma-1__beta-0.8,focal_tversky_mix,2,44,4,0.5105371525585651,0.5083910707235336,0.5,0.5,0.2,0.8,1.0,0.0,0.4998078934605603,0.0,0.010556964048450595,0.004355366269703882,0.0,0.0007904532046866137,0.0,0.0,0.05727896410926683,0.0775157619431977,0.10294404475574297
focal_tversky_mix__mix_weight-0.5__alpha-0.2__gamma-1__beta-0.8,focal_tversky_mix,2,44,5,0.5098701030313969,0.5129254922270775,0.5,0.5,0.2,0.8,1.0,0.0,0.5611741295296866,0.0,0.036566565149695675,0.07650301779322233,0.0,0.28443794878312256,0.0,0.0,0.10652018458396968,0.15272192638519444,0.13484874249452092
