experiment_name,loss_mode,repeat_idx,seed,epoch,train_loss,val_loss,bce_weight,dice_weight,dice_smooth,iou_class_0,iou_class_1,iou_class_2,iou_class_3,iou_class_4,iou_class_5,iou_class_6,iou_class_7,iou_class_8,miou,macro_f1,rare_miou
bce_dice__mix_weight-0.5__dice_smooth-1e-07,bce_dice,1,43,1,0.5559721266031266,0.539191071510315,0.5,0.5,1e-07,0.0,0.48471867562653215,0.0,0.016056343032775963,0.0,0.0,0.0,0.0,0.0,0.05564166873992312,0.07606096479693011,0.10015500373186162
bce_dice__mix_weight-0.5__dice_smooth-1e-07,bce_dice,1,43,2,0.5450051036477089,0.535330714225769,0.5,0.5,1e-07,0.0,0.4809209816650025,0.0,0.009514252058834705,0.0,0.0,0.04260946608210651,0.0,0.0,0.05922718886732708,0.08334160178697252,0.09808704674476745
bce_dice__mix_weight-0.5__dice_smooth-1e-07,bce_dice,1,43,3,0.5425027725696564,0.5355031730532647,0.5,0.5,1e-07,0.0,0.5021018157903099,0.0,0.010816656635570267,0.0,0.0,0.3979438467254693,0.0,0.0,0.10120692435014994,0.13991794668764224,0.10258369448517604
bce_dice__mix_weight-0.5__dice_smooth-1e-07,bce_dice,1,43,4,0.5415734676718712,0.5353743617534638,0.5,0.5,1e-07,0.0,0.47812036142453335,0.0,0.011509551821423549,0.0,0.0,0.009572827575686225,0.0,0.0,0.05546697120240479,0.07651683426869454,0.09792598264919138
bce_dice__mix_weight-0.5__dice_smooth-1e-07,bce_dice,1,43,5,0.5407356524467468,0.5336945573687554,0.5,0.5,1e-07,0.0,0.5181532070404486,0.0,0.003916770475458078,0.0,0.0,0.3030346431423765,0.0,0.0006256252979168085,0.09174780510624445,0.12853163795725708,0.10441399550318135
