experiment_name,loss_mode,repeat_idx,seed,epoch,train_loss,val_loss,bce_weight,tversky_weight,tversky_alpha,tversky_beta,iou_class_0,iou_class_1,iou_class_2,iou_class_3,iou_class_4,iou_class_5,iou_class_6,iou_class_7,iou_class_8,miou,macro_f1,rare_miou
bce_tversky__mix_weight-0.5__alpha-0.2__beta-0.8,bce_tversky,2,44,1,0.5532389420866967,0.5375483610630035,0.5,0.5,0.2,0.8,0.0,0.4546864589644421,0.0,0.030633299417448235,0.0,0.0,0.0,0.0,0.0,0.053924417597987814,0.0760643183074478,0.09706395167637807
bce_tversky__mix_weight-0.5__alpha-0.2__beta-0.8,bce_tversky,2,44,2,0.5408242128491402,0.5323355289697647,0.5,0.5,0.2,0.8,0.0,0.3476458564066199,0.0,0.011144032918215724,0.0,0.0,0.4325750910613267,0.0,0.0,0.08792944226512914,0.12687618128030603,0.07175797786496711
bce_tversky__mix_weight-0.5__alpha-0.2__beta-0.8,bce_tversky,2,44,3,0.5384767855405808,0.5335093268156051,0.5,0.5,0.2,0.8,0.0,0.46845217912951237,0.0,0.01745645552566562,0.0,0.0,0.17720327373634479,0.05499773541026708,0.0,0.07978996042242109,0.11973944652269466,0.09718172693103559
bce_tversky__mix_weight-0.5__alpha-0.2__beta-0.8,bce_tversky,2,44,4,0.5371499770879745,0.532072778403759,0.5,0.5,0.2,0.8,0.0,0.485624721600488,0.0,0.01663754626034518,0.07101197733629776,0.0,0.09109837139088611,0.0,0.0,0.07381917962089078,0.10956527712454704,0.11465484903942617
bce_tversky__mix_weight-0.5__alpha-0.2__beta-0.8,bce_tversky,2,44,5,0.5358870822787285,0.5267583348751068,0.5,0.5,0.2,0.8,0.0,0.5715729543420749,0.0,0.04518754564163845,0.15826956269379397,0.0,0.38100525236200894,0.00021602342245448562,0.0,0.12847237094021896,0.18215058316643612,0.15500601253550145
