experiment_name,loss_mode,repeat_idx,seed,epoch,train_loss,val_loss,bce_weight,dice_weight,dice_smooth,soft_bce_smooth,iou_class_0,iou_class_1,iou_class_2,iou_class_3,iou_class_4,iou_class_5,iou_class_6,iou_class_7,iou_class_8,miou,macro_f1,rare_miou
soft_bce_dice__mix_weight-0.2__dice_smooth-1e-06__soft_bce_smooth-0.1,soft_bce_dice,1,43,1,0.8348380882143974,0.8304002016782761,0.2,0.8,1e-06,0.1,0.0,0.4248475387425008,0.0,0.05012452756846008,0.0,0.0,0.015364442174377,0.08674219574724774,0.0,0.06411985602584286,0.09796733697439669,0.09499441326219218
soft_bce_dice__mix_weight-0.2__dice_smooth-1e-06__soft_bce_smooth-0.1,soft_bce_dice,1,43,2,0.8307606469988823,0.8277939486503602,0.2,0.8,1e-06,0.1,0.0,0.4811905497093116,0.0,0.08605545598866167,0.0,0.0,0.38867014902893277,0.04374063123681633,0.04216454348341821,0.11575792549412672,0.17030153391129452,0.11344920113959464
soft_bce_dice__mix_weight-0.2__dice_smooth-1e-06__soft_bce_smooth-0.1,soft_bce_dice,1,43,3,0.8289719370007514,0.8290009498596191,0.2,0.8,1e-06,0.1,0.0,0.42862577926183254,0.0,0.08503287390294659,0.0,0.0,0.34799605696248137,0.04154516373869737,0.039831129420948734,0.10478122258743407,0.15883267305363047,0.10273173063295582
soft_bce_dice__mix_weight-0.2__dice_smooth-1e-06__soft_bce_smooth-0.1,soft_bce_dice,1,43,4,0.8281181345582008,0.8257328579425812,0.2,0.8,1e-06,0.1,8.95720248651941e-06,0.5162132467565671,0.0,0.0759071508927367,0.015128773258999825,0.0,0.29864038501501394,0.043871176958803076,0.04924969896070883,0.11100215433836844,0.1655234399565981,0.12144983418166073
soft_bce_dice__mix_weight-0.2__dice_smooth-1e-06__soft_bce_smooth-0.1,soft_bce_dice,1,43,5,0.8272442799806595,0.823712278008461,0.2,0.8,1e-06,0.1,0.02490834975116774,0.5670740173078695,0.0,0.09452479134744514,0.060906751515275116,0.0,0.31541857624351344,0.05263162428873564,0.08006513839046818,0.13283658320494166,0.19863517703351888,0.14450111203411797
