experiment_name,loss_mode,repeat_idx,seed,epoch,train_loss,val_loss,bce_weight,dice_weight,dice_smooth,iou_class_0,iou_class_1,iou_class_2,iou_class_3,iou_class_4,iou_class_5,iou_class_6,iou_class_7,iou_class_8,miou,macro_f1,rare_miou
bce_dice__mix_weight-0.2__dice_smooth-1e-07,bce_dice,0,42,1,0.8084232935905457,0.8027574806213379,0.2,0.8,1e-07,0.0,0.4327315362499038,0.0,0.058675876323491256,0.0,0.0,0.21326247446408772,0.0,0.0,0.07829665411527587,0.11849609092355504,0.09828148251467901
bce_dice__mix_weight-0.2__dice_smooth-1e-07,bce_dice,0,42,2,0.8026076020002365,0.8016417132616043,0.2,0.8,1e-07,0.0,0.4026243867928971,0.0,0.04426368456293277,0.0,0.0,0.16988328505298006,0.0,0.04015132025615383,0.07299140851832932,0.11405633551993705,0.08937761427116597
bce_dice__mix_weight-0.2__dice_smooth-1e-07,bce_dice,0,42,3,0.8002935137152671,0.7972511519193649,0.2,0.8,1e-07,0.0,0.4774455167952444,0.0,0.057247031868913736,0.021251795451007704,0.0,0.31413259236336055,0.05671359425121196,0.048890697188804545,0.10840902532428255,0.16387473038279798,0.11118886882303318
bce_dice__mix_weight-0.2__dice_smooth-1e-07,bce_dice,0,42,4,0.7981007217168808,0.7938227088451385,0.2,0.8,1e-07,0.0,0.5544410537078609,0.0,0.06212297301588843,0.09231196883418427,0.0,0.2983267530340954,0.0409476770269849,0.05488298719943476,0.12255926809093874,0.18240541166381732,0.1417751991115867
bce_dice__mix_weight-0.2__dice_smooth-1e-07,bce_dice,0,42,5,0.7965700672268867,0.7929688097238541,0.2,0.8,1e-07,0.07227508488229044,0.5192109268592409,0.0,0.021640838736347246,0.03701960049691401,0.0,0.436806534436367,0.045847307014478075,0.1428629402632621,0.1417403591876555,0.20864478693148472,0.11557427321850042
