experiment_name,loss_mode,repeat_idx,seed,epoch,train_loss,val_loss,dice_weight,focal_weight,focal_gamma,iou_class_0,iou_class_1,iou_class_2,iou_class_3,iou_class_4,iou_class_5,iou_class_6,iou_class_7,iou_class_8,miou,macro_f1,rare_miou
dice_focal__mix_weight-0.8__gamma-3,dice_focal,0,42,1,0.7763313064575196,0.7745973716974258,0.8,0.19999999999999996,3.0,0.0,0.3549650459743939,0.0,0.0897247611400519,0.03749831791326522,0.0,0.26700387440302176,0.02243003398816236,0.00046260322036541126,0.08578718184880671,0.13635343730095095,0.0964376250055422
dice_focal__mix_weight-0.8__gamma-3,dice_focal,0,42,2,0.7740205700993538,0.7744845335483551,0.8,0.19999999999999996,3.0,0.0,0.29925787605621973,0.0,0.1065104222451303,0.0266098367227109,5.515415586564418e-05,0.2341090179817546,0.017830454516122092,0.006267810869689418,0.07673784139416585,0.12577972059835504,0.08648665783598532
dice_focal__mix_weight-0.8__gamma-3,dice_focal,0,42,3,0.7734218273162842,0.7727974992990494,0.8,0.19999999999999996,3.0,0.005123547333924445,0.33151865901845057,0.0012976246260317918,0.12375406165318702,0.04898868710881747,0.0,0.309488277742246,0.035706627154846036,0.020698774826412174,0.09739736216265728,0.15628782974669064,0.10111180648129736
dice_focal__mix_weight-0.8__gamma-3,dice_focal,0,42,4,0.7728683176040649,0.7716005778312683,0.8,0.19999999999999996,3.0,0.016983152220731754,0.455771866012519,0.0007081735025081145,0.0984937922034879,0.10145643553547272,0.0,0.32453498220627636,0.021693876329112204,0.08867504280602223,0.12314636897957001,0.191103045249992,0.13128605345079752
dice_focal__mix_weight-0.8__gamma-3,dice_focal,0,42,5,0.7718438744544983,0.7717906783819198,0.8,0.19999999999999996,3.0,0.04537686176402141,0.3718607454160576,0.0001290643272303929,0.07532878672277378,0.07244867909088303,0.0,0.3318633035478035,0.04334026936581757,0.10240805010979699,0.11586175114937605,0.18573612523892422,0.10395345511138895
