experiment_name,loss_mode,repeat_idx,seed,epoch,train_loss,val_loss,focal_weight,tversky_weight,tversky_alpha,tversky_beta,focal_gamma,iou_class_0,iou_class_1,iou_class_2,iou_class_3,iou_class_4,iou_class_5,iou_class_6,iou_class_7,iou_class_8,miou,macro_f1,rare_miou
focal_tversky_mix__mix_weight-0.5__alpha-0.2__gamma-1__beta-0.8,focal_tversky_mix,0,42,1,0.5178657377362251,0.5132035650610923,0.5,0.5,0.2,0.8,1.0,0.0,0.34468833164653506,0.0,0.013393776524440704,0.0,0.0,0.004178391098785854,0.0,0.0,0.04025116658552907,0.060824668905559744,0.07161642163419515
focal_tversky_mix__mix_weight-0.5__alpha-0.2__gamma-1__beta-0.8,focal_tversky_mix,0,42,2,0.5131790879368782,0.5135844877362251,0.5,0.5,0.2,0.8,1.0,0.0,0.4466283874702475,0.0,0.003276049691121715,9.258138259612434e-05,0.0,0.0,0.0,0.0,0.04999966872710726,0.06935453209326665,0.08999940370879307
focal_tversky_mix__mix_weight-0.5__alpha-0.2__gamma-1__beta-0.8,focal_tversky_mix,0,42,3,0.5117085846066475,0.5560367061495781,0.5,0.5,0.2,0.8,1.0,0.0,0.30932638169521415,0.0,0.011596380115236891,0.007568826416035927,0.0,0.07012378444504344,0.0,0.0,0.044290596963503376,0.07127834943904815,0.06569831764529739
focal_tversky_mix__mix_weight-0.5__alpha-0.2__gamma-1__beta-0.8,focal_tversky_mix,0,42,4,0.5102734920978547,0.5066155878305435,0.5,0.5,0.2,0.8,1.0,0.0,0.4319464373906515,0.0,0.01168487493764849,0.12035332899276624,0.0,0.38886404984475026,0.0007844611324023302,0.0,0.10595923914424654,0.15586559591312849,0.11279692826421325
focal_tversky_mix__mix_weight-0.5__alpha-0.2__gamma-1__beta-0.8,focal_tversky_mix,0,42,5,0.509212739288807,0.5060303037166596,0.5,0.5,0.2,0.8,1.0,0.0,0.5594497833761626,0.0,0.01694023582053203,0.10931844479784762,0.0,0.22627929747482595,0.0,0.0,0.10133197349659646,0.14632820349201714,0.13714169279890845
