experiment_name,loss_mode,repeat_idx,seed,epoch,train_loss,val_loss,bce_weight,dice_weight,dice_smooth,iou_class_0,iou_class_1,iou_class_2,iou_class_3,iou_class_4,iou_class_5,iou_class_6,iou_class_7,iou_class_8,miou,macro_f1,rare_miou
bce_dice__mix_weight-0.2__dice_smooth-1e-05,bce_dice,2,44,1,0.8071184793114662,0.7982481299638748,0.2,0.8,1e-05,0.0,0.482785481879537,0.0,0.11551208058597967,0.010347238752677927,0.0,0.3149275054311892,0.0,0.0,0.10261914518326486,0.1508638677022769,0.12172896024363893
bce_dice__mix_weight-0.2__dice_smooth-1e-05,bce_dice,2,44,2,0.799808617413044,0.7937912231683731,0.2,0.8,1e-05,0.0,0.5339916255700399,0.0,0.046199774124397,0.0687142378014696,0.0,0.40035220119308074,0.03653006348170993,0.0393339922428306,0.12501354382372531,0.18123193525164435,0.1297811274991813
bce_dice__mix_weight-0.2__dice_smooth-1e-05,bce_dice,2,44,3,0.7971874051690102,0.7947392264604568,0.2,0.8,1e-05,0.05481118441293639,0.5418774996215097,0.0,0.03629336616421472,0.07081002242201273,0.0,0.3443822177224272,0.031131356285594425,0.05494493624682414,0.1260278425417244,0.1873314436522816,0.12979617764154744
bce_dice__mix_weight-0.2__dice_smooth-1e-05,bce_dice,2,44,4,0.7948860292434692,0.7900391089916229,0.2,0.8,1e-05,0.10252026247799556,0.5176849264799765,0.0,0.1893740650278798,0.09022702779241823,0.0,0.3773323782901797,0.06416435673122395,0.08407783689006833,0.1583756504099713,0.24175150159069692,0.1594572038600549
bce_dice__mix_weight-0.2__dice_smooth-1e-05,bce_dice,2,44,5,0.7930112375617028,0.790459901213646,0.2,0.8,1e-05,0.09686764130601253,0.534806638002273,0.0,0.1900398381744414,0.059643869750462715,0.0,0.26707339734378555,0.049193659653369554,0.09520852810129003,0.14364817470351496,0.22163167313299292,0.15689806918543542
