experiment_name,loss_mode,repeat_idx,seed,epoch,train_loss,val_loss,bce_weight,dice_weight,dice_smooth,soft_bce_smooth,iou_class_0,iou_class_1,iou_class_2,iou_class_3,iou_class_4,iou_class_5,iou_class_6,iou_class_7,iou_class_8,miou,macro_f1,rare_miou
soft_bce_dice__mix_weight-0.5__dice_smooth-1e-06__soft_bce_smooth-0e+00,soft_bce_dice,2,44,1,0.5561828249096871,0.5399875437021255,0.5,0.5,1e-06,0.0,0.0,0.4816657904245864,0.0,0.032673193406004816,0.0,0.0,0.0,0.0,0.0,0.0571487759811768,0.07927186609716831,0.10286779676611824
soft_bce_dice__mix_weight-0.5__dice_smooth-1e-06__soft_bce_smooth-0e+00,soft_bce_dice,2,44,2,0.5441330752372742,0.537138621866703,0.5,0.5,1e-06,0.0,0.0,0.46888775309658687,0.0,0.0010214984588016133,0.0,0.0,0.4078543297959531,0.0,0.0,0.09752928681681573,0.13554055180454283,0.0939818503110777
soft_bce_dice__mix_weight-0.5__dice_smooth-1e-06__soft_bce_smooth-0e+00,soft_bce_dice,2,44,3,0.5416106773614884,0.5362167636752129,0.5,0.5,1e-06,0.0,0.0,0.48596932088823364,0.0,0.010492855340420038,0.0,0.0,0.06481659882950797,0.05991238075864022,0.0,0.0690212395352002,0.10107098220048878,0.09929243524573074
soft_bce_dice__mix_weight-0.5__dice_smooth-1e-06__soft_bce_smooth-0e+00,soft_bce_dice,2,44,4,0.5407386900186538,0.5326628705263138,0.5,0.5,1e-06,0.0,0.0,0.5246280269854444,0.0,0.009421144274760818,0.038346168915837524,0.0,0.0,0.0,0.0,0.06359948224178252,0.08674790413642544,0.11447906803520855
soft_bce_dice__mix_weight-0.5__dice_smooth-1e-06__soft_bce_smooth-0e+00,soft_bce_dice,2,44,5,0.5394542855620384,0.5320714039206504,0.5,0.5,1e-06,0.0,0.0,0.5559895504870372,0.0,0.03106355646916004,0.0750408032816388,0.0,0.33728499461441197,0.0,0.0,0.11104210053913868,0.15765974125855967,0.1324187820475672
