experiment_name,loss_mode,repeat_idx,seed,epoch,train_loss,val_loss,bce_weight,dice_weight,dice_smooth,soft_bce_smooth,iou_class_0,iou_class_1,iou_class_2,iou_class_3,iou_class_4,iou_class_5,iou_class_6,iou_class_7,iou_class_8,miou,macro_f1,rare_miou
soft_bce_dice__mix_weight-0.5__dice_smooth-1e-05__soft_bce_smooth-0.05,soft_bce_dice,1,43,1,0.5955158168673516,0.5821734638214111,0.5,0.5,1e-05,0.05,0.0,0.5366535768073444,0.0,0.024338194442551028,0.0,0.0,0.0,0.0,0.0,0.06233241902776616,0.08288781296438982,0.11219835424997908
soft_bce_dice__mix_weight-0.5__dice_smooth-1e-05__soft_bce_smooth-0.05,soft_bce_dice,1,43,2,0.5880753656625748,0.581935498714447,0.5,0.5,1e-05,0.05,0.0,0.4874973890938999,0.0,0.022981691506279902,0.0,0.0,0.0,0.0,0.0,0.05671989784446442,0.07782118024283023,0.10209581612003596
soft_bce_dice__mix_weight-0.5__dice_smooth-1e-05__soft_bce_smooth-0.05,soft_bce_dice,1,43,3,0.5858192339539527,0.581485305070877,0.5,0.5,1e-05,0.05,0.0,0.489857193860543,0.0,0.015326973065866521,0.0,0.0,0.4140821359481371,0.0,0.0,0.10214070031939408,0.14149285171133266,0.10103683338528191
soft_bce_dice__mix_weight-0.5__dice_smooth-1e-05__soft_bce_smooth-0.05,soft_bce_dice,1,43,4,0.5849732642769814,0.5818325755596161,0.5,0.5,1e-05,0.05,0.0,0.387667622562284,0.0,0.02029657920094568,0.0,0.0,0.18525989391023975,0.0,0.0,0.06591378840816327,0.10123607647427198,0.08159284035264594
soft_bce_dice__mix_weight-0.5__dice_smooth-1e-05__soft_bce_smooth-0.05,soft_bce_dice,1,43,5,0.5843404771685601,0.5793005203008652,0.5,0.5,1e-05,0.05,0.0,0.5429569260681631,0.0,0.003834150208048014,0.000696393984896955,0.0,0.32094908765533975,4.6454969649419805e-05,0.00018577610700703764,0.09651875433256714,0.13324665100361074,0.10949749405222162
