experiment_name,loss_mode,repeat_idx,seed,epoch,train_loss,val_loss,focal_weight,tversky_weight,tversky_alpha,tversky_beta,focal_gamma,iou_class_0,iou_class_1,iou_class_2,iou_class_3,iou_class_4,iou_class_5,iou_class_6,iou_class_7,iou_class_8,miou,macro_f1,rare_miou
focal_tversky_mix__mix_weight-0.2__alpha-0.8__gamma-1__beta-0.2,focal_tversky_mix,2,44,1,0.7881427184939385,0.7829207727909088,0.2,0.8,0.8,0.19999999999999996,1.0,0.0,0.45619926377085307,0.0,0.12703214664771809,0.045762063837163705,0.0,0.3348323095249548,0.040786391875638664,0.02052376837763078,0.11390399378155101,0.17331010883356152,0.12579869485114697
focal_tversky_mix__mix_weight-0.2__alpha-0.8__gamma-1__beta-0.2,focal_tversky_mix,2,44,2,0.7839862954616547,0.7822111265659333,0.2,0.8,0.8,0.19999999999999996,1.0,0.0,0.5141043301792654,0.0,0.12388324118661197,0.05817824592042786,0.0,0.3709492564904543,0.020373643112780622,0.03697877448847216,0.12494083237533471,0.1846569708082773,0.13923316345726106
focal_tversky_mix__mix_weight-0.2__alpha-0.8__gamma-1__beta-0.2,focal_tversky_mix,2,44,3,0.7821689093112946,0.7818736622333526,0.2,0.8,0.8,0.19999999999999996,1.0,0.0,0.5238314396466799,0.0,0.048598370590258115,0.06430152218503724,0.0,0.25818490299918984,0.022834207319892445,0.07354867036344069,0.11014434590049979,0.1659023724108072,0.12734626648439504
focal_tversky_mix__mix_weight-0.2__alpha-0.8__gamma-1__beta-0.2,focal_tversky_mix,2,44,4,0.7811997417807579,0.7787394610643387,0.2,0.8,0.8,0.19999999999999996,1.0,0.03887911479373793,0.5081396125793953,0.0,0.222716310134774,0.03783826850137645,0.0,0.3318281882388165,0.05277406494071826,0.07178432477357767,0.14043998710693292,0.2131601083065592,0.15373883824310916
focal_tversky_mix__mix_weight-0.2__alpha-0.8__gamma-1__beta-0.2,focal_tversky_mix,2,44,5,0.7796358136534691,0.7774173090457916,0.2,0.8,0.8,0.19999999999999996,1.0,0.06565190241985841,0.5099935843167475,0.0,0.21055517989951938,0.0684742409044354,0.0,0.23755195990797173,0.027475408289234688,0.13296883841182974,0.13918567934995518,0.21631745504961666,0.15780460102414046
