experiment_name,loss_mode,repeat_idx,seed,epoch,train_loss,val_loss,bce_weight,dice_weight,dice_smooth,soft_bce_smooth,iou_class_0,iou_class_1,iou_class_2,iou_class_3,iou_class_4,iou_class_5,iou_class_6,iou_class_7,iou_class_8,miou,macro_f1,rare_miou
soft_bce_dice__mix_weight-0.2__dice_smooth-1e-07__soft_bce_smooth-0.05,soft_bce_dice,0,42,1,0.8222613592147827,0.8172602806091308,0.2,0.8,1e-07,0.05,0.0,0.4488014339629051,0.0,0.09708008263043326,0.0,0.0,0.19131907041741666,0.020064402130687307,6.543575468528183e-07,0.08414062705544324,0.12856189165884377,0.10917630331866768
soft_bce_dice__mix_weight-0.2__dice_smooth-1e-07__soft_bce_smooth-0.05,soft_bce_dice,0,42,2,0.8176601756811142,0.81914275431633,0.2,0.8,1e-07,0.05,0.0,0.3916276369360906,0.0,0.032321551206665904,0.026819397938102434,0.0,0.21831342283123895,0.06512573806061735,0.03957961538211161,0.08597637359498077,0.13716778399272947,0.0901537172161718
soft_bce_dice__mix_weight-0.2__dice_smooth-1e-07__soft_bce_smooth-0.05,soft_bce_dice,0,42,3,0.8158491159081459,0.8131563540697098,0.2,0.8,1e-07,0.05,0.0,0.45951525690145395,0.0,0.04793161284814729,0.03616829909933843,0.0,0.34586854926168764,0.07598486196364497,0.033872361945780145,0.11103788244667251,0.16796732831465086,0.10872303376978794
soft_bce_dice__mix_weight-0.2__dice_smooth-1e-07__soft_bce_smooth-0.05,soft_bce_dice,0,42,4,0.8138245674967766,0.8105912531614303,0.2,0.8,1e-07,0.05,0.07344971982610674,0.5415822347927268,0.0,0.08976802488376232,0.08522293721007088,0.0,0.2912117114890753,0.03401337673171521,0.08837404324517877,0.13373578313095957,0.20450446791599314,0.143314639377312
soft_bce_dice__mix_weight-0.2__dice_smooth-1e-07__soft_bce_smooth-0.05,soft_bce_dice,0,42,5,0.8121900056600571,0.81389129114151,0.2,0.8,1e-07,0.05,0.07948795941122433,0.48674131961510314,0.0,0.09381818426851209,0.06510775469883276,0.0,0.31868995542070955,0.022636651394952793,0.12342156811697767,0.1322114881029236,0.20479810152944183,0.1291334517164896
