experiment_name,loss_mode,repeat_idx,seed,epoch,train_loss,val_loss,bce_weight,tversky_weight,tversky_alpha,tversky_beta,iou_class_0,iou_class_1,iou_class_2,iou_class_3,iou_class_4,iou_class_5,iou_class_6,iou_class_7,iou_class_8,miou,macro_f1,rare_miou
bce_tversky__mix_weight-0.2__alpha-0.8__beta-0.2,bce_tversky,0,42,1,0.8075158115029335,0.7993519188165664,0.2,0.8,0.8,0.19999999999999996,0.0,0.47435191256889636,0.0,0.12241183330354988,0.0,0.0,0.008287330404167232,0.06050851991891377,6.5546821077497975e-06,0.07395179454195944,0.11023982517969207,0.11935274917448924
bce_tversky__mix_weight-0.2__alpha-0.8__beta-0.2,bce_tversky,0,42,2,0.8011262227892876,0.8002928651571274,0.2,0.8,0.8,0.19999999999999996,0.0,0.355452199719462,0.0,0.047156786550895516,0.03383239012034484,0.0,0.19146622993312307,0.0516870613036669,0.026906244456386643,0.07850010134265323,0.12800961796356544,0.08728827527814047
bce_tversky__mix_weight-0.2__alpha-0.8__beta-0.2,bce_tversky,0,42,3,0.7978894620537758,0.7917179412841797,0.2,0.8,0.8,0.19999999999999996,0.07800572894803338,0.44059678625349347,0.0,0.13012589416541348,0.03511509855840422,0.0,0.3771475410550507,0.0734296900563021,0.08011332143538777,0.13494822894134278,0.20971339910904863,0.12116755579546223
bce_tversky__mix_weight-0.2__alpha-0.8__beta-0.2,bce_tversky,0,42,4,0.7941337222456932,0.7901474825143814,0.2,0.8,0.8,0.19999999999999996,0.1005714331183402,0.4929032478764372,0.0,0.15546033319900812,0.11413062696700729,0.0,0.25288588591539196,0.03341463797380523,0.11375183480646359,0.14034644442849487,0.2210754241450438,0.15249884160849053
bce_tversky__mix_weight-0.2__alpha-0.8__beta-0.2,bce_tversky,0,42,5,0.7924890463352203,0.7892002259492874,0.2,0.8,0.8,0.19999999999999996,0.09367884734590207,0.4228231751859116,0.0,0.08691841835623347,0.0772940915561978,0.0,0.4266238089870768,0.07863769492418887,0.11785109419662503,0.14486968117245955,0.22487074896394996,0.11740713701966858
