experiment_name,loss_mode,repeat_idx,seed,epoch,train_loss,val_loss,bce_weight,dice_weight,dice_smooth,soft_bce_smooth,iou_class_0,iou_class_1,iou_class_2,iou_class_3,iou_class_4,iou_class_5,iou_class_6,iou_class_7,iou_class_8,miou,macro_f1,rare_miou
soft_bce_dice__mix_weight-0.2__dice_smooth-1e-05__soft_bce_smooth-0.05,soft_bce_dice,2,44,1,0.8217169135212898,0.8153765648603439,0.2,0.8,1e-05,0.05,0.0,0.47070798489476096,0.0,0.06449505573693173,0.015676367125039965,0.0,0.323168471729033,0.00032583229463514524,0.0,0.09715263464226674,0.14236473552501347,0.11017588155134653
soft_bce_dice__mix_weight-0.2__dice_smooth-1e-05__soft_bce_smooth-0.05,soft_bce_dice,2,44,2,0.8166800372600556,0.8139216434955597,0.2,0.8,1e-05,0.05,0.0,0.5594880758870786,0.0,0.0468738138277316,0.062018901255900594,0.0,0.24561065230332244,0.035592406008958244,0.00026202133919550564,0.10553843006913188,0.1541662533761891,0.13367615819414216
soft_bce_dice__mix_weight-0.2__dice_smooth-1e-05__soft_bce_smooth-0.05,soft_bce_dice,2,44,3,0.8150411658883094,0.8133713198900223,0.2,0.8,1e-05,0.05,0.0,0.5228986006062938,0.0,0.024805209247520856,0.11096495262625329,0.0,0.33558608329843087,0.028032990362786128,0.05612369448066011,0.11982350340243832,0.17758192934947561,0.13173375249601357
soft_bce_dice__mix_weight-0.2__dice_smooth-1e-05__soft_bce_smooth-0.05,soft_bce_dice,2,44,4,0.8140307586789132,0.8094104274511337,0.2,0.8,1e-05,0.05,0.0,0.5559317817435263,5.751899652010071e-05,0.13662538521235892,0.0917637271214642,0.0,0.3592126034035471,0.11860929120264893,0.060815691228833846,0.14700177765654437,0.2198336193157288,0.1568756826147739
soft_bce_dice__mix_weight-0.2__dice_smooth-1e-05__soft_bce_smooth-0.05,soft_bce_dice,2,44,5,0.8118385917544365,0.8081829422712326,0.2,0.8,1e-05,0.05,0.09411852790835641,0.5208345236562365,0.0003226331012912244,0.17195193418367444,0.1525110249281862,0.0,0.3094364960372666,0.047302237470044285,0.08227902911615124,0.15319515626680077,0.23674787455983282,0.16912402317387767
