experiment_name,loss_mode,repeat_idx,seed,epoch,train_loss,val_loss,bce_weight,dice_weight,dice_smooth,soft_bce_smooth,iou_class_0,iou_class_1,iou_class_2,iou_class_3,iou_class_4,iou_class_5,iou_class_6,iou_class_7,iou_class_8,miou,macro_f1,rare_miou
soft_bce_dice__mix_weight-0.2__dice_smooth-1e-05__soft_bce_smooth-0.05,soft_bce_dice,0,42,1,0.8228143261075019,0.8168746337890626,0.2,0.8,1e-05,0.05,0.0,0.46052078900751214,0.0,0.0541934480853567,0.0,0.0,0.4389116499556091,0.06634817134187673,0.0,0.11333045093226163,0.16310455780714925,0.10294284741857376
soft_bce_dice__mix_weight-0.2__dice_smooth-1e-05__soft_bce_smooth-0.05,soft_bce_dice,0,42,2,0.8181263734102249,0.8163412647247315,0.2,0.8,1e-05,0.05,0.0,0.3974207986235949,0.0,0.055540451550416495,0.017394802516838337,0.0,0.22265384500137667,0.09598898587561171,5.571026989331811e-05,0.08767273264863683,0.13863470078596618,0.09407121053816994
soft_bce_dice__mix_weight-0.2__dice_smooth-1e-05__soft_bce_smooth-0.05,soft_bce_dice,0,42,3,0.8168160854578018,0.8152185763120652,0.2,0.8,1e-05,0.05,0.0,0.3689251021935579,0.0,0.06285393095410777,0.033697222647836096,0.0,0.33316930089109514,0.07962767269012644,5.593690055923816e-05,0.09759212958636472,0.1522119843357672,0.09309525115910035
soft_bce_dice__mix_weight-0.2__dice_smooth-1e-05__soft_bce_smooth-0.05,soft_bce_dice,0,42,4,0.8153412449359894,0.8124461088180542,0.2,0.8,1e-05,0.05,0.0,0.5416789221301191,0.0,0.05472120445747019,0.07287664266571953,0.0,0.3027934523364861,0.03248690922595118,0.02841761128135391,0.11477497134412223,0.16948461192223738,0.13385535385066177
soft_bce_dice__mix_weight-0.2__dice_smooth-1e-05__soft_bce_smooth-0.05,soft_bce_dice,0,42,5,0.8140165184140206,0.8119434114694596,0.2,0.8,1e-05,0.05,0.00479238834031332,0.49629477171717495,0.0,0.018689368115816275,0.04426820171167563,0.0,0.38753437604894797,0.025518115883502664,0.1371912102030943,0.12380982578005834,0.18266906460025234,0.11185046830893337
