experiment_name,loss_mode,repeat_idx,seed,epoch,train_loss,val_loss,bce_weight,dice_weight,dice_smooth,soft_bce_smooth,iou_class_0,iou_class_1,iou_class_2,iou_class_3,iou_class_4,iou_class_5,iou_class_6,iou_class_7,iou_class_8,miou,macro_f1,rare_miou
soft_bce_dice__mix_weight-0.2__dice_smooth-1e-06__soft_bce_smooth-0.1,soft_bce_dice,0,42,1,0.8347067591547966,0.8492350268363953,0.2,0.8,1e-06,0.1,0.0,0.3061992142348947,0.0,0.08984714884181463,0.0002402402402402401,0.0,0.2852914180904974,0.05285376456050331,0.0,0.0816035317742167,0.1309482500580595,0.07925732066338992
soft_bce_dice__mix_weight-0.2__dice_smooth-1e-06__soft_bce_smooth-0.1,soft_bce_dice,0,42,2,0.8305766345858574,0.8333728967905044,0.2,0.8,1e-06,0.1,2.6769998862275045e-05,0.3274513786062803,0.0,0.03870199431043679,0.0,0.0,0.0016359115299044628,0.052156962935627015,0.00021290366534950267,0.046687324560717815,0.07452911838620768,0.07323067458334342
soft_bce_dice__mix_weight-0.2__dice_smooth-1e-06__soft_bce_smooth-0.1,soft_bce_dice,0,42,3,0.8294223908185959,0.8272589730024338,0.2,0.8,1e-06,0.1,0.0,0.47793978830373823,0.0,0.07783017479128063,0.012106619641888219,0.0,0.3377873213162325,0.06461988922563704,0.04705911875576213,0.11303810133717097,0.1701540084121849,0.1135753165473814
soft_bce_dice__mix_weight-0.2__dice_smooth-1e-06__soft_bce_smooth-0.1,soft_bce_dice,0,42,4,0.8282626362442971,0.8261435933113098,0.2,0.8,1e-06,0.1,0.0,0.4891850200867007,0.0,0.056552211389006644,0.0652851419500448,0.0,0.31022530673585963,0.03363137187901913,0.05156926516922451,0.11182759080109506,0.16925579771608593,0.12220447468515042
soft_bce_dice__mix_weight-0.2__dice_smooth-1e-06__soft_bce_smooth-0.1,soft_bce_dice,0,42,5,0.8274870161414146,0.8255804108381272,0.2,0.8,1e-06,0.1,0.0,0.4599178436389238,0.0,0.08955853663435438,0.07391756752094224,0.0,0.39068739964544386,0.10481828870638614,0.10170615849465278,0.13562286607118923,0.20759527722710516,0.12467878955884408
