experiment_name,loss_mode,repeat_idx,seed,epoch,train_loss,val_loss,dice_weight,focal_weight,focal_gamma,iou_class_0,iou_class_1,iou_class_2,iou_class_3,iou_class_4,iou_class_5,iou_class_6,iou_class_7,iou_class_8,miou,macro_f1,rare_miou
dice_focal__mix_weight-0.8__gamma-3,dice_focal,1,43,1,0.7761895092129707,0.7749189478158951,0.8,0.19999999999999996,3.0,0.0002734268192648724,0.3795299117237186,0.0,0.10717296616760506,0.01965773904192378,0.0,0.01251874361705861,0.04292744246453742,0.00980481076199413,0.06354278228845583,0.10104452458009891,0.10127212338664948
dice_focal__mix_weight-0.8__gamma-3,dice_focal,1,43,2,0.7743119537234306,0.7728507202863694,0.8,0.19999999999999996,3.0,0.020812412958618423,0.38531415003640807,0.0006096270562938333,0.09461903590024581,0.055236663276286485,0.0007274994803575103,0.3150704165526095,0.02794213747451743,0.026407365894593533,0.10297103429221452,0.16247707226597274,0.10730139514991836
dice_focal__mix_weight-0.8__gamma-3,dice_focal,1,43,3,0.7726861709356307,0.7732309221029282,0.8,0.19999999999999996,3.0,0.035445565901217606,0.34339209476033694,0.02070615786988315,0.11606117486395348,0.03264505732651668,0.0,0.33407731122213763,0.016535397838854587,0.06207753090051227,0.10677114340926805,0.1713050295588808,0.10256089696413806
dice_focal__mix_weight-0.8__gamma-3,dice_focal,1,43,4,0.7720302541851998,0.7713605296611786,0.8,0.19999999999999996,3.0,0.070165220522022,0.45931945367419413,0.030781553548432778,0.12510572115322818,0.05565858368128072,0.0,0.31840372945558154,0.02250995380739905,0.09183971994868302,0.1304204373100913,0.2048291133273905,0.13417306241142718
dice_focal__mix_weight-0.8__gamma-3,dice_focal,1,43,5,0.77167610424757,0.7707286951541901,0.8,0.19999999999999996,3.0,0.09440131258248226,0.4638606238911625,0.019790291158653932,0.1580628936945054,0.08946348354680556,0.0,0.31232525558799273,0.022509657219766353,0.07644823497886506,0.13742908362891487,0.2160383158938774,0.14623545845822547
