experiment_name,loss_mode,repeat_idx,seed,epoch,train_loss,val_loss,bce_weight,dice_weight,dice_smooth,soft_bce_smooth,iou_class_0,iou_class_1,iou_class_2,iou_class_3,iou_class_4,iou_class_5,iou_class_6,iou_class_7,iou_class_8,miou,macro_f1,rare_miou
soft_bce_dice__mix_weight-0.5__dice_smooth-1e-05__soft_bce_smooth-0.1,soft_bce_dice,0,42,1,0.6267215880155563,0.6159726725816727,0.5,0.5,1e-05,0.1,0.0,0.4199853493961229,1.1336583153837434e-05,0.00467359056939237,7.695208193857678e-06,0.0,5.9445840346444826e-05,0.0,0.00012710813593625462,0.04720716952590507,0.06680551060213274,0.0849355943513726
soft_bce_dice__mix_weight-0.5__dice_smooth-1e-05__soft_bce_smooth-0.1,soft_bce_dice,0,42,2,0.6204312127828598,0.6174819388389587,0.5,0.5,1e-05,0.1,0.0,0.5201050135153085,0.0,0.006996472173985242,0.0,0.0,0.0,0.0,0.0,0.05856683174325486,0.07757746093262768,0.10542029713785875
soft_bce_dice__mix_weight-0.5__dice_smooth-1e-05__soft_bce_smooth-0.1,soft_bce_dice,0,42,3,0.6196472113132476,0.6154551683664322,0.5,0.5,1e-05,0.1,0.0,0.5197856365866161,0.0,0.029063369221415544,0.0,0.0,0.2532446602490028,0.0,3.277537625312554e-07,0.08912155486786633,0.1271836772968105,0.10976980116160633
soft_bce_dice__mix_weight-0.5__dice_smooth-1e-05__soft_bce_smooth-0.1,soft_bce_dice,0,42,4,0.6180338292121887,0.6212731444835663,0.5,0.5,1e-05,0.1,4.473732479745175e-06,0.461759577045018,0.0,0.015930300379119276,0.0,0.0,0.33559830811803754,0.0,0.0,0.09036585103051717,0.12952218635289134,0.09553797548482747
soft_bce_dice__mix_weight-0.5__dice_smooth-1e-05__soft_bce_smooth-0.1,soft_bce_dice,0,42,5,0.6177237540483475,0.6129120111465454,0.5,0.5,1e-05,0.1,0.0,0.5611032078919329,0.0,0.009989224260927609,0.0,0.0,0.42758619244670265,0.0,0.0,0.11096429162217368,0.1486299310530679,0.11421848643057211
