experiment_name,loss_mode,repeat_idx,seed,epoch,train_loss,val_loss,bce_weight,dice_weight,dice_smooth,soft_bce_smooth,iou_class_0,iou_class_1,iou_class_2,iou_class_3,iou_class_4,iou_class_5,iou_class_6,iou_class_7,iou_class_8,miou,macro_f1,rare_miou
soft_bce_dice__mix_weight-0.2__dice_smooth-1e-07__soft_bce_smooth-0.05,soft_bce_dice,2,44,1,0.8217970514893532,0.8160695295333862,0.2,0.8,1e-07,0.05,0.0,0.4082726689311359,0.0,0.11158204562499338,0.0,0.0,0.29892824091246045,0.0,0.0004208297475526258,0.09102264280179359,0.13796593770279714,0.10397094291122586
soft_bce_dice__mix_weight-0.2__dice_smooth-1e-07__soft_bce_smooth-0.05,soft_bce_dice,2,44,2,0.8168610065579415,0.8125337772369384,0.2,0.8,1e-07,0.05,0.0,0.5135959383148843,0.0,0.09856853813444705,0.045780427016995556,0.0,0.41228770872787446,0.050507762098395366,0.037030432204336654,0.12864120072188145,0.1885642330471162,0.13158898069326536
soft_bce_dice__mix_weight-0.2__dice_smooth-1e-07__soft_bce_smooth-0.05,soft_bce_dice,2,44,3,0.8147244556546211,0.815210300207138,0.2,0.8,1e-07,0.05,0.0,0.4796087280910409,0.0,0.05687978168408331,0.0895420922290024,0.0,0.29398332693167595,0.027956168752693192,0.06776192693183565,0.1128591138467035,0.17288833500767653,0.12520612040082532
soft_bce_dice__mix_weight-0.2__dice_smooth-1e-07__soft_bce_smooth-0.05,soft_bce_dice,2,44,4,0.8130071702003479,0.8093521443605423,0.2,0.8,1e-07,0.05,0.07782679872875008,0.5229559200860496,0.0,0.2000400359480957,0.0719526716642304,0.0,0.3480167076900127,0.09958203793577507,0.07719580395380345,0.15528555288963522,0.23773409429249184,0.15898972553967514
soft_bce_dice__mix_weight-0.2__dice_smooth-1e-07__soft_bce_smooth-0.05,soft_bce_dice,2,44,5,0.8109215752482414,0.8098256587982178,0.2,0.8,1e-07,0.05,0.08234147141089015,0.4880966604012698,0.0,0.20879648438596804,0.09105204188077114,0.0,0.2637329042252721,0.05091688943305631,0.10456996919704378,0.14327849121491906,0.22490576501891038,0.1575890373336018
