experiment_name,loss_mode,repeat_idx,seed,epoch,train_loss,val_loss,bce_weight,dice_weight,dice_smooth,iou_class_0,iou_class_1,iou_class_2,iou_class_3,iou_class_4,iou_class_5,iou_class_6,iou_class_7,iou_class_8,miou,macro_f1,rare_miou
bce_dice__mix_weight-0.2__dice_smooth-1e-06,bce_dice,0,42,1,0.8072070438861847,0.7995943559408187,0.2,0.8,1e-06,0.0,0.4609983266643842,0.0,0.06267171636397467,0.0,0.0,0.3151670210622543,0.0324461956265796,0.0,0.09680925107968807,0.1434619907540133,0.10473400860567177
bce_dice__mix_weight-0.2__dice_smooth-1e-06,bce_dice,0,42,2,0.8018360902070999,0.7998652582168579,0.2,0.8,1e-06,0.0,0.3866755752780884,0.0,0.04109686501650809,0.0,0.0,0.3355528081567432,0.04932007651475083,5.440717807666037e-05,0.09029997023824081,0.13702846481952932,0.0855544880589193
bce_dice__mix_weight-0.2__dice_smooth-1e-06,bce_dice,0,42,3,0.7996956094503402,0.7954790019989013,0.2,0.8,1e-06,0.0,0.4555287469672104,0.0,0.06044086459415568,0.0315908974741809,0.0,0.38725405603359697,0.07065213060779572,0.020106649494290467,0.11395259390791448,0.17009678946114762,0.1095121018071094
bce_dice__mix_weight-0.2__dice_smooth-1e-06,bce_dice,0,42,4,0.7980400201678276,0.7959962805509567,0.2,0.8,1e-06,0.0,0.49376067811122354,0.0,0.07639449824774444,0.07376598849686668,0.0,0.2961610591796215,0.03170872743126381,0.028027552000275555,0.11109094482966615,0.16815738600458827,0.12878423297116692
bce_dice__mix_weight-0.2__dice_smooth-1e-06,bce_dice,0,42,5,0.7968296158313751,0.7938002470731735,0.2,0.8,1e-06,0.04649590923322304,0.46146485311715313,0.0,0.030777779744798704,0.06656810019832406,0.0,0.36413114652783807,0.009139425113616137,0.13506958742600475,0.12373853348455088,0.1883207355541084,0.11176214661205519
