experiment_name,loss_mode,repeat_idx,seed,epoch,train_loss,val_loss,bce_weight,dice_weight,dice_smooth,soft_bce_smooth,iou_class_0,iou_class_1,iou_class_2,iou_class_3,iou_class_4,iou_class_5,iou_class_6,iou_class_7,iou_class_8,miou,macro_f1,rare_miou
soft_bce_dice__mix_weight-0.8__dice_smooth-1e-07__soft_bce_smooth-0.1,soft_bce_dice,2,44,1,0.417223423987627,0.40158367091417313,0.8,0.19999999999999996,1e-07,0.1,0.0,0.3424847253975971,0.0,0.0007121374211627063,0.0,0.0,0.0,0.0,0.0,0.03813298475763998,0.05684982185441666,0.06863937256375197
soft_bce_dice__mix_weight-0.8__dice_smooth-1e-07__soft_bce_smooth-0.1,soft_bce_dice,2,44,2,0.40679197034239767,0.40009655940532685,0.8,0.19999999999999996,1e-07,0.1,0.0,0.3733134383998478,0.0,0.0012892943015660493,0.0,0.0,0.0,0.0,0.0,0.041622525855712654,0.06069372126819972,0.07492054654028277
soft_bce_dice__mix_weight-0.8__dice_smooth-1e-07__soft_bce_smooth-0.1,soft_bce_dice,2,44,3,0.4055154391527176,0.40119068443775174,0.8,0.19999999999999996,1e-07,0.1,0.0,0.3686803979844406,0.0,0.005402829097824137,0.0,0.0,0.0,0.0,0.0,0.041564803009140526,0.06105400776535688,0.07481664541645294
soft_bce_dice__mix_weight-0.8__dice_smooth-1e-07__soft_bce_smooth-0.1,soft_bce_dice,2,44,4,0.4049463232755661,0.39724798542261125,0.8,0.19999999999999996,1e-07,0.1,0.0,0.5178851909199877,0.0,0.0039806734861878865,0.0,0.0,0.0,0.0,0.0,0.05798509604513063,0.07670078558506083,0.10437317288123513
soft_bce_dice__mix_weight-0.8__dice_smooth-1e-07__soft_bce_smooth-0.1,soft_bce_dice,2,44,5,0.40430107301473617,0.3966408916711807,0.8,0.19999999999999996,1e-07,0.1,0.0,0.5434755709397628,0.0,0.018415247022824856,0.0,0.0,0.3371775034066044,0.0,0.0,0.09989648015213246,0.13829998532987853,0.11237816359251754
