experiment_name,loss_mode,repeat_idx,seed,epoch,train_loss,val_loss,bce_weight,dice_weight,dice_smooth,soft_bce_smooth,iou_class_0,iou_class_1,iou_class_2,iou_class_3,iou_class_4,iou_class_5,iou_class_6,iou_class_7,iou_class_8,miou,macro_f1,rare_miou
soft_bce_dice__mix_weight-0.5__dice_smooth-1e-05__soft_bce_smooth-0e+00,soft_bce_dice,1,43,1,0.5550555697083474,0.5391149181723595,0.5,0.5,1e-05,0.0,0.0,0.517094843722823,0.0,0.014485551112540478,0.0,0.0,0.0,0.0,0.0,0.05906448831504038,0.0789164768048531,0.1063160789670727
soft_bce_dice__mix_weight-0.5__dice_smooth-1e-05__soft_bce_smooth-0e+00,soft_bce_dice,1,43,2,0.5437392082810402,0.5351977361440658,0.5,0.5,1e-05,0.0,0.0,0.5122025905231867,0.0,0.0022116920376754976,0.0,0.0,0.31753234469398556,0.005999847719601023,0.0,0.09310516388604986,0.1306420376811931,0.10288285651217244
soft_bce_dice__mix_weight-0.5__dice_smooth-1e-05__soft_bce_smooth-0e+00,soft_bce_dice,1,43,3,0.5410982943177223,0.5353686551451683,0.5,0.5,1e-05,0.0,0.0,0.5450733902834967,0.0,0.01380520404528123,0.0,0.0,0.3161578976842341,0.0,0.0,0.09722627689033465,0.1348025579651591,0.11177571886575557
soft_bce_dice__mix_weight-0.5__dice_smooth-1e-05__soft_bce_smooth-0e+00,soft_bce_dice,1,43,4,0.5397858471870423,0.532112419128418,0.5,0.5,1e-05,0.0,0.0,0.5030054588546802,0.0,0.008415781918434543,0.0,0.0,0.20665022682356082,0.06640242895435546,0.0001969674872552859,0.08718565155980958,0.12816356171199073,0.10228424815462293
soft_bce_dice__mix_weight-0.5__dice_smooth-1e-05__soft_bce_smooth-0e+00,soft_bce_dice,1,43,5,0.5380121617913246,0.529106072306633,0.5,0.5,1e-05,0.0,0.0,0.5557694193467848,0.0,0.008012006165763209,0.010552136860580678,0.0,0.35828033864137854,0.0,0.05722894438246708,0.1099825383774416,0.15411723131871743,0.11486671247462574
