experiment_name,loss_mode,repeat_idx,seed,epoch,train_loss,val_loss,bce_weight,tversky_weight,tversky_alpha,tversky_beta,iou_class_0,iou_class_1,iou_class_2,iou_class_3,iou_class_4,iou_class_5,iou_class_6,iou_class_7,iou_class_8,miou,macro_f1,rare_miou
bce_tversky__mix_weight-0.2__alpha-0.5__beta-0.5,bce_tversky,1,43,1,0.8077028786540031,0.8101579883098602,0.2,0.8,0.5,0.5,0.0,0.44032165378905774,0.0,0.059623134904685876,0.0,0.0,0.0,0.08094956452247806,5.5654697305559674e-06,0.06454443540955024,0.09708264623100318,0.09998895773874872
bce_tversky__mix_weight-0.2__alpha-0.5__beta-0.5,bce_tversky,1,43,2,0.8017376512885094,0.7959533622264862,0.2,0.8,0.5,0.5,0.030850263355906696,0.4822012195741737,0.0,0.08306087607356487,0.0,0.0,0.34640607396175077,0.05280831351795493,0.05972550903996902,0.11722802839148,0.17683256765815786,0.11305241912954771
bce_tversky__mix_weight-0.2__alpha-0.5__beta-0.5,bce_tversky,1,43,3,0.7986035783290863,0.7991608564853668,0.2,0.8,0.5,0.5,0.05494219646375597,0.4761112735706295,0.0,0.04939129008384559,0.013913817061780702,0.0,0.3098514113073396,0.037634838579794515,0.07792301546466919,0.11330753805909057,0.1734508823421272,0.10788327614325117
bce_tversky__mix_weight-0.2__alpha-0.5__beta-0.5,bce_tversky,1,43,4,0.7962252971529961,0.7911180000305176,0.2,0.8,0.5,0.5,0.09289946683746426,0.5330234094813779,9.606416387498385e-06,0.09469309261730557,0.04052249788529924,0.0,0.2773019378787778,0.04726063218659704,0.10045453068913027,0.1317961304435933,0.20259225091014801,0.13364972128007405
bce_tversky__mix_weight-0.2__alpha-0.5__beta-0.5,bce_tversky,1,43,5,0.7940964609384537,0.788818351149559,0.2,0.8,0.5,0.5,0.1250597566683436,0.5642874870025869,5.2360818399591585e-06,0.10434817861232246,0.09550108879331859,0.0,0.2748721859417548,0.050530207416640306,0.08659551704032392,0.14457773972857005,0.2215468386608857,0.15282839809801357
