experiment_name,loss_mode,repeat_idx,seed,epoch,train_loss,val_loss,bce_weight,dice_weight,dice_smooth,soft_bce_smooth,iou_class_0,iou_class_1,iou_class_2,iou_class_3,iou_class_4,iou_class_5,iou_class_6,iou_class_7,iou_class_8,miou,macro_f1,rare_miou
soft_bce_dice__mix_weight-0.5__dice_smooth-1e-05__soft_bce_smooth-0.1,soft_bce_dice,2,44,1,0.6267879271507263,0.6188630241155625,0.5,0.5,1e-05,0.1,0.0,0.44498184077926867,0.0,0.017096864459110756,0.0,0.0,0.0,0.0,0.0,0.05134207835981994,0.07216872348881934,0.09241574104767589
soft_bce_dice__mix_weight-0.5__dice_smooth-1e-05__soft_bce_smooth-0.1,soft_bce_dice,2,44,2,0.6191996380090713,0.6132222151756287,0.5,0.5,1e-05,0.1,0.0,0.41526921605094136,0.0,0.01575966226338009,0.0,0.0,0.366171666401857,0.0,0.0,0.0885778383017976,0.12821408147636892,0.08620577566286429
soft_bce_dice__mix_weight-0.5__dice_smooth-1e-05__soft_bce_smooth-0.1,soft_bce_dice,2,44,3,0.6180968968868256,0.6158011444807052,0.5,0.5,1e-05,0.1,0.0,0.4892449450946674,0.0,0.00893188559138293,0.0,0.0,0.17508496418198435,0.08287688492195061,0.0,0.08401540886555392,0.12508962098029472,0.09963536613721007
soft_bce_dice__mix_weight-0.5__dice_smooth-1e-05__soft_bce_smooth-0.1,soft_bce_dice,2,44,4,0.6170529969334603,0.614422769188881,0.5,0.5,1e-05,0.1,0.0,0.5097573823021864,0.0,0.054794250840734485,0.0,0.0,0.26810354580052237,0.0,0.03408964181650306,0.0963049800844385,0.14088365353200433,0.11291032662858418
soft_bce_dice__mix_weight-0.5__dice_smooth-1e-05__soft_bce_smooth-0.1,soft_bce_dice,2,44,5,0.6163401808738709,0.6108820663690567,0.5,0.5,1e-05,0.1,0.0,0.5484287531746976,0.0,0.06922630357848511,0.0,0.0,0.3068286737548468,0.0003513322207813007,0.05715879933182083,0.10911042911784796,0.15736369259689004,0.12353101135063656
