experiment_name,loss_mode,repeat_idx,seed,epoch,train_loss,val_loss,bce_weight,dice_weight,dice_smooth,soft_bce_smooth,iou_class_0,iou_class_1,iou_class_2,iou_class_3,iou_class_4,iou_class_5,iou_class_6,iou_class_7,iou_class_8,miou,macro_f1,rare_miou
soft_bce_dice__mix_weight-0.2__dice_smooth-1e-05__soft_bce_smooth-0.1,soft_bce_dice,2,44,1,0.8336173138618469,0.827625908613205,0.2,0.8,1e-05,0.1,0.0,0.4323677714151936,0.0,0.09656533126024298,0.06657551363533769,0.0,0.39284535763590195,0.08204611709450155,0.0002817281035013862,0.11896464657163103,0.18010858115242348,0.11910172326215485
soft_bce_dice__mix_weight-0.2__dice_smooth-1e-05__soft_bce_smooth-0.1,soft_bce_dice,2,44,2,0.8284790611863136,0.8238830024003982,0.2,0.8,1e-05,0.1,0.0,0.4863866883010591,0.0,0.11886076502835562,0.07385585843568974,0.0,0.4244934054593953,0.045084906726964386,0.054849632305625895,0.1337256951396767,0.19897137844724325,0.13582066235302087
soft_bce_dice__mix_weight-0.2__dice_smooth-1e-05__soft_bce_smooth-0.1,soft_bce_dice,2,44,3,0.8265333971977233,0.8250390591621399,0.2,0.8,1e-05,0.1,0.08509867545157875,0.4966088865484011,0.0,0.06043372594239053,0.09125512056259234,0.0,0.3361920337892365,0.03134136745765519,0.08905910747288354,0.13222099080274863,0.2032513164186032,0.12965954661067677
soft_bce_dice__mix_weight-0.2__dice_smooth-1e-05__soft_bce_smooth-0.1,soft_bce_dice,2,44,4,0.8250328152179718,0.8208486111164093,0.2,0.8,1e-05,0.1,0.09118100052381692,0.505340158200415,0.0,0.2315041870697649,0.0853402843805729,0.0,0.417043349478031,0.05809788626688648,0.11776980164356696,0.1673640741736727,0.2534332225615163,0.16443692593015052
soft_bce_dice__mix_weight-0.2__dice_smooth-1e-05__soft_bce_smooth-0.1,soft_bce_dice,2,44,5,0.8238817414641381,0.8262076718807221,0.2,0.8,1e-05,0.1,0.08657430587431103,0.4150476466200513,0.0,0.2305522480683146,0.0970324283833807,0.0,0.29305247710180043,0.0522928572695097,0.11200479343262205,0.14295075074999886,0.22796594061193629,0.14852646461434932
