experiment_name,loss_mode,repeat_idx,seed,epoch,train_loss,val_loss,bce_weight,dice_weight,dice_smooth,iou_class_0,iou_class_1,iou_class_2,iou_class_3,iou_class_4,iou_class_5,iou_class_6,iou_class_7,iou_class_8,miou,macro_f1,rare_miou
bce_dice__mix_weight-0.5__dice_smooth-1e-06,bce_dice,2,44,1,0.5560740202665329,0.5389761682152748,0.5,0.5,1e-06,0.0,0.4772782966187365,0.0,0.04334174899616266,0.0,0.0,0.0,0.0,0.0,0.057846671734988794,0.0810268338797943,0.10412400912297984
bce_dice__mix_weight-0.5__dice_smooth-1e-06,bce_dice,2,44,2,0.5439558724761009,0.5359803239703178,0.5,0.5,1e-06,0.0,0.46720830127569857,0.0,0.007434204387021939,0.0,0.0,0.3182839566306691,0.0,0.0,0.08810294025482107,0.12605576667156804,0.0949285011325441
bce_dice__mix_weight-0.5__dice_smooth-1e-06,bce_dice,2,44,3,0.5418207260370255,0.535706103861332,0.5,0.5,1e-06,0.0,0.504982290955604,0.0,0.013351700470559018,0.0,0.0,0.17248954925071633,0.06190503050955433,0.0,0.08363650790960374,0.12313917136001981,0.10366679828523259
bce_dice__mix_weight-0.5__dice_smooth-1e-06,bce_dice,2,44,4,0.5408063359260559,0.533642668247223,0.5,0.5,1e-06,0.0,0.5179721639502153,0.0,0.052348677869101246,0.06039322543515536,0.0,0.1537044282525592,0.0,7.210337001319164e-06,0.08715841176044804,0.1291463770196365,0.12614281345089437
bce_dice__mix_weight-0.5__dice_smooth-1e-06,bce_dice,2,44,5,0.5399463196396828,0.531681229352951,0.5,0.5,1e-06,0.0,0.5718989497951524,0.0,0.018539195822793546,0.08785819845647916,0.0,0.31110484170692976,0.0,0.020540866813604893,0.11221578362166218,0.1600451127677816,0.13565926881488502
