experiment_name,loss_mode,repeat_idx,seed,epoch,train_loss,val_loss,bce_weight,dice_weight,dice_smooth,soft_bce_smooth,iou_class_0,iou_class_1,iou_class_2,iou_class_3,iou_class_4,iou_class_5,iou_class_6,iou_class_7,iou_class_8,miou,macro_f1,rare_miou
soft_bce_dice__mix_weight-0.5__dice_smooth-1e-05__soft_bce_smooth-0e+00,soft_bce_dice,2,44,1,0.5564159490466117,0.5387274507284164,0.5,0.5,1e-05,0.0,0.0,0.4864091344415018,0.0,0.00010884859546680823,0.0,0.0,0.0,0.0,0.0,0.054057553670774285,0.07274367902329688,0.09730359660739371
soft_bce_dice__mix_weight-0.5__dice_smooth-1e-05__soft_bce_smooth-0e+00,soft_bce_dice,2,44,2,0.5436222839951516,0.5364723192453384,0.5,0.5,1e-05,0.0,0.0,0.4677817246082275,0.0,0.003718116693352836,0.0,0.0,0.41259427691007816,0.0,0.0,0.09823267980129538,0.13655261768510385,0.09429996826031606
soft_bce_dice__mix_weight-0.5__dice_smooth-1e-05__soft_bce_smooth-0e+00,soft_bce_dice,2,44,3,0.5415789029002189,0.53527123183012,0.5,0.5,1e-05,0.0,0.0,0.543787695952416,0.0,0.00794487343512528,0.0,0.0,0.0,0.06298808299625927,9.831220877056324e-07,0.0683024039450987,0.09319587826120988,0.11034651387750827
soft_bce_dice__mix_weight-0.5__dice_smooth-1e-05__soft_bce_smooth-0e+00,soft_bce_dice,2,44,4,0.5406176293492317,0.5331278665065765,0.5,0.5,1e-05,0.0,0.0,0.5230659576470773,0.0,0.03362130308082081,0.0,0.0,0.0,0.0,0.0,0.061854140080877563,0.08354606589548534,0.11133745214557962
soft_bce_dice__mix_weight-0.5__dice_smooth-1e-05__soft_bce_smooth-0e+00,soft_bce_dice,2,44,5,0.5387476915121079,0.530321808218956,0.5,0.5,1e-05,0.0,0.00788039933154831,0.5853760130233217,0.0,0.03225477152032132,0.02455438476468093,0.0,0.43575501954939505,0.037669825535783207,0.060986564289819,0.13160855311276326,0.18434490859693034,0.12843703386166477
