experiment_name,loss_mode,repeat_idx,seed,epoch,train_loss,val_loss,bce_weight,dice_weight,dice_smooth,iou_class_0,iou_class_1,iou_class_2,iou_class_3,iou_class_4,iou_class_5,iou_class_6,iou_class_7,iou_class_8,miou,macro_f1,rare_miou
bce_dice__mix_weight-0.5__dice_smooth-1e-05,bce_dice,0,42,1,0.5542341468334198,0.5373323003649711,0.5,0.5,1e-05,0.0,0.5041168374050359,0.0,0.010479692591766307,0.0,0.0,0.0,0.0,0.0,0.05717739222186691,0.07678423077289831,0.10291930599936043
bce_dice__mix_weight-0.5__dice_smooth-1e-05,bce_dice,0,42,2,0.5444459740519524,0.5448912080526352,0.5,0.5,1e-05,0.0,0.4212676670040314,0.0,0.00505216682041202,0.0,0.0,0.0,0.0,0.0,0.04736887042493816,0.06698434138396793,0.08526396676488869
bce_dice__mix_weight-0.5__dice_smooth-1e-05,bce_dice,0,42,3,0.5419178397059441,0.5367127980589866,0.5,0.5,1e-05,0.0,0.5295099874513833,0.0,0.021909716606792303,0.0,0.0,0.0,1.5516545810015405e-05,0.0,0.06127058006710952,0.081700294292435,0.11028394081163513
bce_dice__mix_weight-0.5__dice_smooth-1e-05,bce_dice,0,42,4,0.5391741075515747,0.5325301293730735,0.5,0.5,1e-05,0.0,0.5129358986983494,0.0,0.0227629805253468,0.04207733472675182,0.0,0.41099389061615144,0.0,0.0,0.10986334495184438,0.1539884123599245,0.1155552427900896
bce_dice__mix_weight-0.5__dice_smooth-1e-05,bce_dice,0,42,5,0.5383730302453041,0.5341513394713402,0.5,0.5,1e-05,0.0,0.5361273323360097,0.0,0.013070534280782496,0.045897326191816135,0.0,0.3376852219422683,0.0,0.04138987255842412,0.10824114303436676,0.1551071590140329,0.11901903856172166
