experiment_name,loss_mode,repeat_idx,seed,epoch,train_loss,val_loss,bce_weight,dice_weight,dice_smooth,soft_bce_smooth,iou_class_0,iou_class_1,iou_class_2,iou_class_3,iou_class_4,iou_class_5,iou_class_6,iou_class_7,iou_class_8,miou,macro_f1,rare_miou
soft_bce_dice__mix_weight-0.2__dice_smooth-1e-05__soft_bce_smooth-0e+00,soft_bce_dice,0,42,1,0.8076259189844132,0.8005447866916656,0.2,0.8,1e-05,0.0,0.0,0.47232449568026885,0.0,0.09455719587492353,0.0,0.0,0.23188597948040873,0.026470584764056136,0.0,0.09169313953329525,0.13804776903138447,0.11337633831103848
soft_bce_dice__mix_weight-0.2__dice_smooth-1e-05__soft_bce_smooth-0e+00,soft_bce_dice,0,42,2,0.8015786998271942,0.8010923111438751,0.2,0.8,1e-05,0.0,0.0,0.3808574957003993,0.0,0.03913997859264841,0.013626844024150543,0.0,0.2696208486113187,0.05399831463165831,0.02757145107237038,0.08720165918139394,0.13718856113579772,0.08672486366343965
soft_bce_dice__mix_weight-0.2__dice_smooth-1e-05__soft_bce_smooth-0e+00,soft_bce_dice,0,42,3,0.7998072466850281,0.7970059945583343,0.2,0.8,1e-05,0.0,0.0,0.47461384953870794,0.0,0.05871704495076925,0.023071082558782298,0.0,0.3144446020622964,0.04974694856342227,0.020478545255134744,0.10456356365879033,0.15701048945955906,0.11128039540965191
soft_bce_dice__mix_weight-0.2__dice_smooth-1e-05__soft_bce_smooth-0e+00,soft_bce_dice,0,42,4,0.7980223507285118,0.794957151055336,0.2,0.8,1e-05,0.0,0.0,0.5580606215431964,0.0,0.06035187350649667,0.07113578446589325,0.0,0.2986274589153239,0.028904528862692673,0.04630337367641252,0.11815373788555725,0.1741795178420689,0.13790965590311727
soft_bce_dice__mix_weight-0.2__dice_smooth-1e-05__soft_bce_smooth-0e+00,soft_bce_dice,0,42,5,0.7966423473954201,0.794509836435318,0.2,0.8,1e-05,0.0,0.0,0.4861969777914677,0.0,0.053664103332284704,0.054653824322577586,0.0,0.32208569871212367,0.06279521809630277,0.1494276475591931,0.12542482997932775,0.19168896218303905,0.118902981089266
