experiment_name,loss_mode,repeat_idx,seed,epoch,train_loss,val_loss,bce_weight,dice_weight,dice_smooth,soft_bce_smooth,iou_class_0,iou_class_1,iou_class_2,iou_class_3,iou_class_4,iou_class_5,iou_class_6,iou_class_7,iou_class_8,miou,macro_f1,rare_miou
soft_bce_dice__mix_weight-0.8__dice_smooth-1e-06__soft_bce_smooth-0e+00,soft_bce_dice,2,44,1,0.3013220883011818,0.276187345713377,0.8,0.19999999999999996,1e-06,0.0,0.0,0.48476925243458474,0.0,4.315648336442493e-06,0.0,0.0,0.0,0.0,0.0,0.05386372978699124,0.07255533093838523,0.09695471361658423
soft_bce_dice__mix_weight-0.8__dice_smooth-1e-06__soft_bce_smooth-0e+00,soft_bce_dice,2,44,2,0.28350934621691704,0.27621839424967765,0.8,0.19999999999999996,1e-06,0.0,0.0,0.3631139081515753,0.0,0.0004762205250592325,0.0,0.0,0.0,0.0,0.0,0.040398903186292724,0.059302575083466334,0.0727180257353269
soft_bce_dice__mix_weight-0.8__dice_smooth-1e-06__soft_bce_smooth-0e+00,soft_bce_dice,2,44,3,0.2813198123574257,0.2715635995268822,0.8,0.19999999999999996,1e-06,0.0,0.0,0.45673400619367244,0.0,0.002181723274112585,0.0,0.0,0.0,0.0,0.0,0.05099063660753167,0.07015774494124975,0.091783145893557
soft_bce_dice__mix_weight-0.8__dice_smooth-1e-06__soft_bce_smooth-0e+00,soft_bce_dice,2,44,4,0.28023935194313526,0.26830689537525176,0.8,0.19999999999999996,1e-06,0.0,0.0,0.48348963999891104,0.0,0.008930701629880676,0.0,0.0,0.0,0.0,0.0,0.05471337129208797,0.07439230640934978,0.09848406832575834
soft_bce_dice__mix_weight-0.8__dice_smooth-1e-06__soft_bce_smooth-0e+00,soft_bce_dice,2,44,5,0.2790275291651487,0.266499432772398,0.8,0.19999999999999996,1e-06,0.0,0.0,0.5559462196542955,0.0,0.020836500071188934,0.0,0.0,0.0,0.0,0.0,0.06408696885838716,0.08393677035182721,0.1153565439450969
