experiment_name,loss_mode,repeat_idx,seed,epoch,train_loss,val_loss,bce_weight,dice_weight,dice_smooth,iou_class_0,iou_class_1,iou_class_2,iou_class_3,iou_class_4,iou_class_5,iou_class_6,iou_class_7,iou_class_8,miou,macro_f1,rare_miou
bce_dice__mix_weight-0.2__dice_smooth-1e-07,bce_dice,1,43,1,0.8072840517759323,0.7985436556339264,0.2,0.8,1e-07,0.0,0.4676304995573737,0.0,0.11271190706885618,0.0,0.0,0.3585217340092248,0.06643765661076949,3.277492508471499e-07,0.11170023611060834,0.16580647763891662,0.11606848132524597
bce_dice__mix_weight-0.2__dice_smooth-1e-07,bce_dice,1,43,2,0.8016835767030716,0.7967390780448913,0.2,0.8,1e-07,0.0,0.5084549029557275,0.0,0.07532602649096876,0.0,0.0,0.3852843321276373,0.04838655143331035,0.009596564014476752,0.11411648633579118,0.16464549210720056,0.11675618588933925
bce_dice__mix_weight-0.2__dice_smooth-1e-07,bce_dice,1,43,3,0.7991018036007881,0.7985729202032089,0.2,0.8,1e-07,0.0,0.4846238016636883,0.0,0.034186615390370816,0.039396662218052554,0.0,0.31798971784418756,0.03371474158003171,0.07240111039084099,0.10914584989857463,0.16417457047695538,0.11164141585442233
bce_dice__mix_weight-0.2__dice_smooth-1e-07,bce_dice,1,43,4,0.7977239995002746,0.7950544545650482,0.2,0.8,1e-07,3.582540043281561e-05,0.5393290069588743,0.0,0.0801450199636108,0.05830101914648454,0.0,0.2549657315818154,0.036814355060578806,0.05776739720564165,0.11415092836860426,0.17177222579178686,0.13555500921379393
bce_dice__mix_weight-0.2__dice_smooth-1e-07,bce_dice,1,43,5,0.7962013736367226,0.7926777981519699,0.2,0.8,1e-07,0.0662033312030287,0.5397962186770549,0.0,0.05806662488676651,0.06557587802810244,0.0,0.36024347308183013,0.041601192387741744,0.06587309424795847,0.13303997916805363,0.19903453615330463,0.13268774431838476
