experiment_name,loss_mode,repeat_idx,seed,epoch,train_loss,val_loss,bce_weight,dice_weight,dice_smooth,soft_bce_smooth,iou_class_0,iou_class_1,iou_class_2,iou_class_3,iou_class_4,iou_class_5,iou_class_6,iou_class_7,iou_class_8,miou,macro_f1,rare_miou
soft_bce_dice__mix_weight-0.8__dice_smooth-1e-07__soft_bce_smooth-0e+00,soft_bce_dice,1,43,1,0.3010067990720272,0.27533892342448235,0.8,0.19999999999999996,1e-07,0.0,0.0,0.4509193159550098,0.0,0.0,0.0,0.0,0.0,0.0,0.0,0.05010214621722331,0.06906262211313324,0.09018386319100195
soft_bce_dice__mix_weight-0.8__dice_smooth-1e-07__soft_bce_smooth-0e+00,soft_bce_dice,1,43,2,0.28482930168509485,0.2706694791615009,0.8,0.19999999999999996,1e-07,0.0,0.0,0.46382534424787614,0.0,0.000766644684104261,0.0,0.0,0.050867304369467785,0.0,0.0,0.05727325481127202,0.08133989289803895,0.09291839778639607
soft_bce_dice__mix_weight-0.8__dice_smooth-1e-07__soft_bce_smooth-0e+00,soft_bce_dice,1,43,3,0.2816093014627695,0.27081470543146136,0.8,0.19999999999999996,1e-07,0.0,0.0,0.5071857599400459,0.0,0.008946852121744545,0.0,0.0,0.34222657532382905,0.0,0.0,0.09537324304284661,0.1334107994513626,0.10322652241235808
soft_bce_dice__mix_weight-0.8__dice_smooth-1e-07__soft_bce_smooth-0e+00,soft_bce_dice,1,43,4,0.2799038951098919,0.26846772646903994,0.8,0.19999999999999996,1e-07,0.0,0.0,0.40125133181438194,0.0,0.005005030835599816,0.0,0.0,0.22412617660086587,0.0,0.0,0.0700425043612053,0.10542733396719756,0.08125127252999635
soft_bce_dice__mix_weight-0.8__dice_smooth-1e-07__soft_bce_smooth-0e+00,soft_bce_dice,1,43,5,0.2787319227159023,0.2665022174715996,0.8,0.19999999999999996,1e-07,0.0,0.0,0.4949695270293995,0.0,0.002623808952438837,0.0,0.0,0.3261183276397734,0.0,0.0,0.09152351818017908,0.12880588122643044,0.09951866719636768
