experiment_name,loss_mode,repeat_idx,seed,epoch,train_loss,val_loss,bce_weight,dice_weight,dice_smooth,soft_bce_smooth,iou_class_0,iou_class_1,iou_class_2,iou_class_3,iou_class_4,iou_class_5,iou_class_6,iou_class_7,iou_class_8,miou,macro_f1,rare_miou
soft_bce_dice__mix_weight-0.2__dice_smooth-1e-07__soft_bce_smooth-0.05,soft_bce_dice,1,43,1,0.8223321005702019,0.81533788895607,0.2,0.8,1e-07,0.05,0.0,0.5332180268725136,0.0,0.08604802658042887,0.0,0.0,0.20844491112091407,0.07823335332933411,0.007100856284458855,0.10144946379862774,0.15091231537596347,0.1238532106905885
soft_bce_dice__mix_weight-0.2__dice_smooth-1e-07__soft_bce_smooth-0.05,soft_bce_dice,1,43,2,0.8174605602622033,0.8141390887498856,0.2,0.8,1e-07,0.05,0.0,0.5038616282219224,0.0,0.07781668370311223,0.0,0.0,0.3141213212112177,0.04019796625480652,0.05415002459041429,0.11001640266460813,0.1636204123910363,0.11633566238500692
soft_bce_dice__mix_weight-0.2__dice_smooth-1e-07__soft_bce_smooth-0.05,soft_bce_dice,1,43,3,0.8151057801842689,0.8143083974123001,0.2,0.8,1e-07,0.05,0.0,0.42347967981686874,0.0,0.08026038968465689,0.06057837791544147,0.0,0.35777048646561005,0.03740620367356053,0.05698974798657142,0.11294276506030101,0.17386324229596936,0.11286368948339343
soft_bce_dice__mix_weight-0.2__dice_smooth-1e-07__soft_bce_smooth-0.05,soft_bce_dice,1,43,4,0.8140763232707977,0.8117468293905258,0.2,0.8,1e-07,0.05,0.03545976256539279,0.5398012345794068,0.0,0.1002341809363109,0.035219434472187484,0.0,0.3104830003250155,0.05801902068249892,0.08871438549812381,0.1297701132287707,0.19626226717141632,0.135050969997581
soft_bce_dice__mix_weight-0.2__dice_smooth-1e-07__soft_bce_smooth-0.05,soft_bce_dice,1,43,5,0.8131946333646775,0.8099343626499176,0.2,0.8,1e-07,0.05,0.06614272973809221,0.5239517092803208,0.0,0.06833759287216562,0.10321938337513206,0.0,0.33833262534033465,0.054380859549325596,0.07433468378895723,0.13652217599381422,0.20821063215059016,0.1391017371055237
