experiment_name,loss_mode,repeat_idx,seed,epoch,train_loss,val_loss,bce_weight,dice_weight,dice_smooth,soft_bce_smooth,iou_class_0,iou_class_1,iou_class_2,iou_class_3,iou_class_4,iou_class_5,iou_class_6,iou_class_7,iou_class_8,miou,macro_f1,rare_miou
soft_bce_dice__mix_weight-0.8__dice_smooth-1e-05__soft_bce_smooth-0e+00,soft_bce_dice,1,43,1,0.3008828772008419,0.27601580440998075,0.8,0.19999999999999996,1e-05,0.0,0.0,0.4535777997378821,0.0,0.0018099594608904847,0.0,0.0,0.0,0.0,0.0,0.05059863991097473,0.06974422596914477,0.09107755183975451
soft_bce_dice__mix_weight-0.8__dice_smooth-1e-05__soft_bce_smooth-0e+00,soft_bce_dice,1,43,2,0.28468482932448386,0.2720585322380066,0.8,0.19999999999999996,1e-05,0.0,0.0,0.46536703445713307,0.0,0.003644781625270248,0.0,0.0,0.015890942683505164,0.0,0.0,0.05387808430732317,0.07485578457401537,0.09380236321648067
soft_bce_dice__mix_weight-0.8__dice_smooth-1e-05__soft_bce_smooth-0e+00,soft_bce_dice,1,43,3,0.28144289945065976,0.27200089672207833,0.8,0.19999999999999996,1e-05,0.0,0.0,0.427171398913835,0.0,0.010003513643945102,0.0,0.0,0.005636346564893928,0.0,0.0,0.049201251013630445,0.06996055626989446,0.08743498251155601
soft_bce_dice__mix_weight-0.8__dice_smooth-1e-05__soft_bce_smooth-0e+00,soft_bce_dice,1,43,4,0.279977031186223,0.27067710435390474,0.8,0.19999999999999996,1e-05,0.0,0.0,0.39046389342970345,0.0,0.008344196618875576,0.0,0.0,0.0,0.0,0.0,0.04431201000539767,0.06424237881621479,0.0797616180097158
soft_bce_dice__mix_weight-0.8__dice_smooth-1e-05__soft_bce_smooth-0e+00,soft_bce_dice,1,43,5,0.27853664627671243,0.2642849161326885,0.8,0.19999999999999996,1e-05,0.0,0.0,0.5114520064626856,0.0,0.007984294848127429,0.0,0.0,0.3758166582375301,0.0,0.0,0.09947255106092702,0.13765879294344666,0.10388726026216262
