experiment_name,loss_mode,repeat_idx,seed,epoch,train_loss,val_loss,bce_weight,dice_weight,dice_smooth,soft_bce_smooth,iou_class_0,iou_class_1,iou_class_2,iou_class_3,iou_class_4,iou_class_5,iou_class_6,iou_class_7,iou_class_8,miou,macro_f1,rare_miou
soft_bce_dice__mix_weight-0.8__dice_smooth-1e-06__soft_bce_smooth-0.1,soft_bce_dice,0,42,1,0.4155427256822586,0.40381521481275556,0.8,0.19999999999999996,1e-06,0.1,0.0,0.4007201407408815,0.0,0.0032272198515286518,0.0,0.0,0.0,0.0,0.0,0.04488304006582335,0.06428852310409221,0.08078947211848203
soft_bce_dice__mix_weight-0.8__dice_smooth-1e-06__soft_bce_smooth-0.1,soft_bce_dice,0,42,2,0.40739822149276733,0.4109312230348587,0.8,0.19999999999999996,1e-06,0.1,0.0,0.48824411396753997,0.0,0.0002964920924855701,0.0,0.0,0.0,0.0,0.0,0.054282289562225056,0.07296969498835056,0.0977081212120051
soft_bce_dice__mix_weight-0.8__dice_smooth-1e-06__soft_bce_smooth-0.1,soft_bce_dice,0,42,3,0.40544481232762336,0.40145102560520174,0.8,0.19999999999999996,1e-06,0.1,0.0,0.4937376790099025,0.0,0.005479780387659238,0.0,0.0,0.0,0.0,0.0,0.05546860659972908,0.07466407269727854,0.09984349187951234
soft_bce_dice__mix_weight-0.8__dice_smooth-1e-06__soft_bce_smooth-0.1,soft_bce_dice,0,42,4,0.40376465529203415,0.39575586581230165,0.8,0.19999999999999996,1e-06,0.1,0.0,0.44989830024194705,0.0,0.03237934148670588,0.0,0.0,0.0,0.0,0.0,0.053586404636516996,0.0759245012323706,0.0964555283457306
soft_bce_dice__mix_weight-0.8__dice_smooth-1e-06__soft_bce_smooth-0.1,soft_bce_dice,0,42,5,0.4034417145848274,0.3954151217341423,0.8,0.19999999999999996,1e-06,0.1,0.0,0.5683315897931837,0.0,0.012378661343928595,0.0,0.0,0.0,0.0,0.0,0.06452336123745692,0.08324600914974724,0.11614205022742245
