experiment_name,loss_mode,repeat_idx,seed,epoch,train_loss,val_loss,bce_weight,dice_weight,dice_smooth,soft_bce_smooth,iou_class_0,iou_class_1,iou_class_2,iou_class_3,iou_class_4,iou_class_5,iou_class_6,iou_class_7,iou_class_8,miou,macro_f1,rare_miou
soft_bce_dice__mix_weight-0.2__dice_smooth-1e-05__soft_bce_smooth-0.1,soft_bce_dice,0,42,1,0.8345190907120704,0.8283877019882202,0.2,0.8,1e-05,0.1,0.0,0.4236741051465505,0.0,0.07005406014665001,0.0,0.0,0.3655321556134148,0.0,0.0,0.09547336898962393,0.14016546653981207,0.0987456330586401
soft_bce_dice__mix_weight-0.2__dice_smooth-1e-05__soft_bce_smooth-0.1,soft_bce_dice,0,42,2,0.8300812630057335,0.8305627338886261,0.2,0.8,1e-05,0.1,0.0,0.3751422047936462,0.0,0.055265880724546815,0.0,0.0,0.18465720225522247,0.0653252990484145,0.029396805134849678,0.0788652657729644,0.12687218838693726,0.0860816171036386
soft_bce_dice__mix_weight-0.2__dice_smooth-1e-05__soft_bce_smooth-0.1,soft_bce_dice,0,42,3,0.8287177048325539,0.825820430278778,0.2,0.8,1e-05,0.1,0.0,0.5067046271644285,0.0,0.0797085371977066,0.049871226800287966,0.0,0.34321396901344015,0.06070524162025277,0.04003640207491827,0.12002666709678159,0.17974876671831752,0.1272568782324846
soft_bce_dice__mix_weight-0.2__dice_smooth-1e-05__soft_bce_smooth-0.1,soft_bce_dice,0,42,4,0.8272737022638321,0.8252208646535873,0.2,0.8,1e-05,0.1,0.0,0.5415833880445381,0.0,0.08687713322542762,0.09610704416541424,0.0,0.2935987016261749,0.03336783792445393,0.07267311901436246,0.12491191377781903,0.18798491534447953,0.14491351308707598
soft_bce_dice__mix_weight-0.2__dice_smooth-1e-05__soft_bce_smooth-0.1,soft_bce_dice,0,42,5,0.825878058373928,0.8226507173776627,0.2,0.8,1e-05,0.1,0.08728705209961246,0.47165996537140614,0.0,0.096144908379801,0.05144582576110906,0.0,0.4057108667300576,0.10425194189963005,0.08231482716328493,0.1443128208227668,0.2214434515322494,0.12385013990246323
