experiment_name,loss_mode,repeat_idx,seed,epoch,train_loss,val_loss,focal_weight,tversky_weight,tversky_alpha,tversky_beta,focal_gamma,iou_class_0,iou_class_1,iou_class_2,iou_class_3,iou_class_4,iou_class_5,iou_class_6,iou_class_7,iou_class_8,miou,macro_f1,rare_miou
focal_tversky_mix__mix_weight-0.2__alpha-0.8__gamma-1__beta-0.2,focal_tversky_mix,1,43,1,0.7884407430291176,0.7849965895414353,0.2,0.8,0.8,0.19999999999999996,1.0,0.0,0.43597871686149353,0.0,0.11194409636285582,0.027952565343659246,0.0,0.005369628919921303,0.03506477622974398,0.004040857325644352,0.06892784900481314,0.10549332501342257,0.11517507571360171
focal_tversky_mix__mix_weight-0.2__alpha-0.8__gamma-1__beta-0.2,focal_tversky_mix,1,43,2,0.7839823701381683,0.7801319742202759,0.2,0.8,0.8,0.19999999999999996,1.0,0.0011430353939907085,0.43236108419267816,0.0,0.09720681910334243,0.08538719184140028,0.0,0.35122848799975315,0.03466077200079263,0.060645875251960336,0.11807036286487975,0.18241532447447104,0.12299101902748417
focal_tversky_mix__mix_weight-0.2__alpha-0.8__gamma-1__beta-0.2,focal_tversky_mix,1,43,3,0.7811496004462242,0.780407057762146,0.2,0.8,0.8,0.19999999999999996,1.0,0.060876725850844964,0.40119532932475416,0.004134447637623989,0.11793098568523153,0.042194737395326025,0.0,0.3900780734858794,0.016523808016688936,0.09787686526042493,0.12564566362853047,0.19551632944579192,0.11309110000858713
focal_tversky_mix__mix_weight-0.2__alpha-0.8__gamma-1__beta-0.2,focal_tversky_mix,1,43,4,0.7797363111376763,0.7771247035264969,0.2,0.8,0.8,0.19999999999999996,1.0,0.0800094118877371,0.4937998061513048,0.011140198593930244,0.12702269149852247,0.04809039730594928,0.0,0.3080025571955195,0.040769206659864256,0.08930046183638135,0.13312608123657876,0.20686298537183995,0.13601061870994136
focal_tversky_mix__mix_weight-0.2__alpha-0.8__gamma-1__beta-0.2,focal_tversky_mix,1,43,5,0.7792379421591759,0.7757110111713409,0.2,0.8,0.8,0.19999999999999996,1.0,0.1130924742318778,0.4720690298923668,0.008615202440065514,0.1573926931754993,0.08874738936901838,0.0,0.3186939836295428,0.03784791916128977,0.08464819243022081,0.1423452093699868,0.2232252711655607,0.14536486297539003
