experiment_name,loss_mode,repeat_idx,seed,epoch,train_loss,val_loss,bce_weight,dice_weight,dice_smooth,soft_bce_smooth,iou_class_0,iou_class_1,iou_class_2,iou_class_3,iou_class_4,iou_class_5,iou_class_6,iou_class_7,iou_class_8,miou,macro_f1,rare_miou
soft_bce_dice__mix_weight-0.8__dice_smooth-1e-06__soft_bce_smooth-0.05,soft_bce_dice,1,43,1,0.36491831389069557,0.34716103148460387,0.8,0.19999999999999996,1e-06,0.05,0.0,0.5125889843072623,0.0,0.0,0.0,0.0,0.0,0.0,0.0,0.05695433158969581,0.07530708233443845,0.10251779686145246
soft_bce_dice__mix_weight-0.8__dice_smooth-1e-06__soft_bce_smooth-0.05,soft_bce_dice,1,43,2,0.3542706893980503,0.343596334695816,0.8,0.19999999999999996,1e-06,0.05,0.0,0.5177871419618816,0.0,0.004430146908000054,0.0,0.0,0.0,0.0,0.0,0.058024143207764625,0.0767903761504834,0.10444345777397632
soft_bce_dice__mix_weight-0.8__dice_smooth-1e-06__soft_bce_smooth-0.05,soft_bce_dice,1,43,3,0.35151940876245497,0.3433150674104691,0.8,0.19999999999999996,1e-06,0.05,0.0,0.535918052687585,0.0,0.022031513695830757,0.0,0.0,0.059533222272487474,0.0,0.0,0.0686091987395448,0.09481518825193372,0.11158991327668315
soft_bce_dice__mix_weight-0.8__dice_smooth-1e-06__soft_bce_smooth-0.05,soft_bce_dice,1,43,4,0.3508597293496132,0.34222579151391985,0.8,0.19999999999999996,1e-06,0.05,0.0,0.2826863414431808,0.0,0.010462705768171923,0.0,0.0,0.0,0.0,0.0,0.03257211635681697,0.051275677749427664,0.058629809442270545
soft_bce_dice__mix_weight-0.8__dice_smooth-1e-06__soft_bce_smooth-0.05,soft_bce_dice,1,43,5,0.3500991381406784,0.3406031860113144,0.8,0.19999999999999996,1e-06,0.05,0.0,0.5131207270643141,0.0,0.0032004033832317546,0.0,0.0,0.1316964261737577,0.0,0.0,0.0720019507357004,0.1019278226087157,0.10326422608950918
