experiment_name,loss_mode,repeat_idx,seed,epoch,train_loss,val_loss,bce_weight,dice_weight,dice_smooth,soft_bce_smooth,iou_class_0,iou_class_1,iou_class_2,iou_class_3,iou_class_4,iou_class_5,iou_class_6,iou_class_7,iou_class_8,miou,macro_f1,rare_miou
soft_bce_dice__mix_weight-0.5__dice_smooth-1e-06__soft_bce_smooth-0.05,soft_bce_dice,0,42,1,0.5956082037091255,0.5872052857875824,0.5,0.5,1e-06,0.05,0.0,0.36446558485628655,0.0,0.017268553973858902,0.0,0.0,0.0,0.0,0.0,0.04241490431446061,0.06313061012003096,0.0763468277660291
soft_bce_dice__mix_weight-0.5__dice_smooth-1e-06__soft_bce_smooth-0.05,soft_bce_dice,0,42,2,0.5892606105208397,0.5845548709630967,0.5,0.5,1e-06,0.05,0.0,0.5023085399030416,0.0,0.008197784680373608,0.0,0.0,0.0,0.0,0.0,0.0567229249537128,0.0761086448609485,0.10210126491668303
soft_bce_dice__mix_weight-0.5__dice_smooth-1e-06__soft_bce_smooth-0.05,soft_bce_dice,0,42,3,0.5868599054813385,0.5804827678203582,0.5,0.5,1e-06,0.05,0.0,0.4984013633708241,0.0,0.018921358030827753,0.0,0.0,0.0,0.0,0.0,0.05748030237796131,0.07804267972398195,0.10346454428033036
soft_bce_dice__mix_weight-0.5__dice_smooth-1e-06__soft_bce_smooth-0.05,soft_bce_dice,0,42,4,0.5847518020272255,0.5786539888381959,0.5,0.5,1e-06,0.05,0.0,0.5011322510052802,0.0,0.016956637225535916,0.0,0.0,0.403876810033175,0.0018906911871061052,0.0,0.10265070993901079,0.14224088697953263,0.10361777764616323
soft_bce_dice__mix_weight-0.5__dice_smooth-1e-06__soft_bce_smooth-0.05,soft_bce_dice,0,42,5,0.5841076450943947,0.5786129420995713,0.5,0.5,1e-06,0.05,0.0,0.5416939626279134,0.0,0.011985779799903297,0.0,0.0,0.30747915205041704,0.0,0.0,0.09568432160869264,0.13297246830207096,0.11073594848556334
