experiment_name,loss_mode,repeat_idx,seed,epoch,train_loss,val_loss,bce_weight,dice_weight,dice_smooth,soft_bce_smooth,iou_class_0,iou_class_1,iou_class_2,iou_class_3,iou_class_4,iou_class_5,iou_class_6,iou_class_7,iou_class_8,miou,macro_f1,rare_miou
soft_bce_dice__mix_weight-0.8__dice_smooth-1e-06__soft_bce_smooth-0.1,soft_bce_dice,2,44,1,0.41654293149709704,0.40038653790950773,0.8,0.19999999999999996,1e-06,0.1,0.0,0.41408212054760357,0.0,0.0036521093354289075,0.0,0.0,0.0,0.0,0.0,0.04641491443144805,0.06588140261308238,0.0835468459766065
soft_bce_dice__mix_weight-0.8__dice_smooth-1e-06__soft_bce_smooth-0.1,soft_bce_dice,2,44,2,0.40630880305171013,0.39817469716072085,0.8,0.19999999999999996,1e-06,0.1,0.0,0.46015618916637807,0.0,0.0008718605041305268,0.0,0.0,0.0,0.0,0.0,0.05122533885227873,0.07022507989880196,0.09220560993410172
soft_bce_dice__mix_weight-0.8__dice_smooth-1e-06__soft_bce_smooth-0.1,soft_bce_dice,2,44,3,0.40513469544053077,0.39985220515728,0.8,0.19999999999999996,1e-06,0.1,0.0,0.4385562847675564,0.0,0.0070512401799352085,0.0,0.0,0.0,0.0,0.0,0.04951194721638796,0.06930233089344462,0.08912150498949832
soft_bce_dice__mix_weight-0.8__dice_smooth-1e-06__soft_bce_smooth-0.1,soft_bce_dice,2,44,4,0.4050118308365345,0.39582881826162336,0.8,0.19999999999999996,1e-06,0.1,0.0,0.5174058580602611,0.0,0.012779094414830708,0.0,0.0,0.0,0.0,0.0,0.05890943916389909,0.07857741835358673,0.10603699049501836
soft_bce_dice__mix_weight-0.8__dice_smooth-1e-06__soft_bce_smooth-0.1,soft_bce_dice,2,44,5,0.4044809433221817,0.3953991242051125,0.8,0.19999999999999996,1e-06,0.1,0.0,0.5594330926118432,0.0,0.027707387963984066,0.0,0.0,0.36148143470288535,0.0,0.0,0.10540243503096806,0.14471281551015444,0.11742809611516544
