experiment_name,loss_mode,repeat_idx,seed,epoch,train_loss,val_loss,bce_weight,dice_weight,dice_smooth,soft_bce_smooth,iou_class_0,iou_class_1,iou_class_2,iou_class_3,iou_class_4,iou_class_5,iou_class_6,iou_class_7,iou_class_8,miou,macro_f1,rare_miou
soft_bce_dice__mix_weight-0.5__dice_smooth-1e-06__soft_bce_smooth-0.1,soft_bce_dice,1,43,1,0.6273204406499863,0.618203208565712,0.5,0.5,1e-06,0.1,0.0,0.49534340599420473,0.0,0.015203885358392247,0.0,0.0,0.0,0.0,0.0,0.056727476816955225,0.0769407733859119,0.1021094582705194
soft_bce_dice__mix_weight-0.5__dice_smooth-1e-06__soft_bce_smooth-0.1,soft_bce_dice,1,43,2,0.6206349542140961,0.6152761558294296,0.5,0.5,1e-06,0.1,0.0,0.48792031550131204,0.0,0.018236153143367694,0.0,0.0,0.0,0.0,0.0,0.05623960762718664,0.07685123339614149,0.10123129372893595
soft_bce_dice__mix_weight-0.5__dice_smooth-1e-06__soft_bce_smooth-0.1,soft_bce_dice,1,43,3,0.6184740102291107,0.6163396074771881,0.5,0.5,1e-06,0.1,0.0,0.5459741860941226,0.0,0.01351919114476017,0.0,0.0,0.3352963306173833,0.0,0.0,0.09942107865069623,0.1372444649803134,0.11189867544777657
soft_bce_dice__mix_weight-0.5__dice_smooth-1e-06__soft_bce_smooth-0.1,soft_bce_dice,1,43,4,0.6176746391057968,0.6142556487321854,0.5,0.5,1e-06,0.1,0.0,0.5296406558809517,0.0,0.021754480401184793,0.0,0.0,0.15807198023826646,0.0,0.0,0.07882967961337811,0.11200862253115527,0.11027902725642728
soft_bce_dice__mix_weight-0.5__dice_smooth-1e-06__soft_bce_smooth-0.1,soft_bce_dice,1,43,5,0.617093040406704,0.6122288889884949,0.5,0.5,1e-06,0.1,0.0,0.5668202803100462,0.0,0.016788230089499416,0.0,0.0,0.3778080621353555,0.0,0.02100284831416677,0.1091577134276742,0.14956801132228298,0.1167217020799091
