experiment_name,loss_mode,repeat_idx,seed,epoch,train_loss,val_loss,bce_weight,dice_weight,dice_smooth,iou_class_0,iou_class_1,iou_class_2,iou_class_3,iou_class_4,iou_class_5,iou_class_6,iou_class_7,iou_class_8,miou,macro_f1,rare_miou
bce_dice__mix_weight-0.5__dice_smooth-1e-06,bce_dice,0,42,1,0.5547693135738373,0.5397751747369767,0.5,0.5,1e-06,0.0,0.5001411200481648,0.0,0.010211858578943613,0.0,0.0,0.0,0.0,0.0,0.05670588651412315,0.07633437291704151,0.10207059572542168
bce_dice__mix_weight-0.5__dice_smooth-1e-06,bce_dice,0,42,2,0.5450182632207871,0.5392997837662696,0.5,0.5,1e-06,0.0,0.5088006587830748,0.0,0.0040372485761783865,0.0,0.0,0.0,0.0,0.0,0.056981989706583684,0.07583176382510148,0.10256758147185063
bce_dice__mix_weight-0.5__dice_smooth-1e-06,bce_dice,0,42,3,0.5423927299976349,0.5377223060131073,0.5,0.5,1e-06,0.0,0.47708362401615967,0.0,0.01614060824578462,0.0,0.0,0.22333906935310355,1.0338856005582977e-05,0.0,0.0796192933856726,0.1158777704012192,0.09864484645238886
bce_dice__mix_weight-0.5__dice_smooth-1e-06,bce_dice,0,42,4,0.5397487485408783,0.5341666370034218,0.5,0.5,1e-06,0.0,0.47110249182373637,0.0,0.018905031242025198,0.0679717182900133,0.0,0.3942466331810415,0.1034719097234241,0.0,0.1172997538066934,0.17310528426596028,0.11159584827115498
bce_dice__mix_weight-0.5__dice_smooth-1e-06,bce_dice,0,42,5,0.5390930982232094,0.5337352263331413,0.5,0.5,1e-06,0.0,0.5550784377394348,0.0,0.009259761848587464,0.08380383141762449,0.0,0.232066399840046,0.0,0.03530315617583558,0.1017235096690587,0.14797755575073906,0.12962840620112934
