experiment_name,loss_mode,repeat_idx,seed,epoch,train_loss,val_loss,bce_weight,dice_weight,dice_smooth,soft_bce_smooth,iou_class_0,iou_class_1,iou_class_2,iou_class_3,iou_class_4,iou_class_5,iou_class_6,iou_class_7,iou_class_8,miou,macro_f1,rare_miou
soft_bce_dice__mix_weight-0.2__dice_smooth-1e-07__soft_bce_smooth-0e+00,soft_bce_dice,1,43,1,0.8075053095817566,0.8017184706926346,0.2,0.8,1e-07,0.0,0.0,0.47796651974280596,0.0,0.12197719923486955,0.0,0.0,0.03246763509970774,0.0641130953050745,1.3109432958032118e-06,0.07739175114730595,0.11640204218985734,0.1199887437955351
soft_bce_dice__mix_weight-0.2__dice_smooth-1e-07__soft_bce_smooth-0e+00,soft_bce_dice,1,43,2,0.8015609921813012,0.799437210559845,0.2,0.8,1e-07,0.0,0.0,0.5131688651709643,0.0,0.03431056395136611,0.0,0.0,0.24427898196246625,0.05049205367556416,0.042005458019758704,0.09825065808667995,0.1460014698299706,0.10949588582446608
soft_bce_dice__mix_weight-0.2__dice_smooth-1e-07__soft_bce_smooth-0e+00,soft_bce_dice,1,43,3,0.7988891285657883,0.7989346626996994,0.2,0.8,1e-07,0.0,0.0,0.5011629908413259,0.0,0.025199745067843494,0.05705966565757489,0.0,0.32907712100076225,0.04423035481339766,0.06354157855296823,0.11336349510376359,0.16935780665239386,0.11668448031334885
soft_bce_dice__mix_weight-0.2__dice_smooth-1e-07__soft_bce_smooth-0e+00,soft_bce_dice,1,43,4,0.7967810481786728,0.7930408473014832,0.2,0.8,1e-07,0.0,0.05868235995693961,0.5475452313875826,0.0,0.025181769426688833,0.07206394269313128,0.0,0.2860509224942497,0.05477580834424672,0.056009563490026816,0.12225662197698504,0.18409420426387224,0.12895818870148054
soft_bce_dice__mix_weight-0.2__dice_smooth-1e-07__soft_bce_smooth-0e+00,soft_bce_dice,1,43,5,0.7948534448742867,0.7928344810009003,0.2,0.8,1e-07,0.0,0.11100124229676289,0.48254404752388425,0.0012176260730384165,0.08734991815458536,0.10662654615709173,0.0,0.2967163301122118,0.04059047768452428,0.07416379132513275,0.1333566643696924,0.20892629076918715,0.13554762758171995
