experiment_name,loss_mode,repeat_idx,seed,epoch,train_loss,val_loss,focal_weight,tversky_weight,tversky_alpha,tversky_beta,focal_gamma,iou_class_0,iou_class_1,iou_class_2,iou_class_3,iou_class_4,iou_class_5,iou_class_6,iou_class_7,iou_class_8,miou,macro_f1,rare_miou
focal_tversky_mix__mix_weight-0.5__alpha-0.2__gamma-2__beta-0.8,focal_tversky_mix,1,43,1,0.5016676161587238,0.49992624229192734,0.5,0.5,0.2,0.8,2.0,0.0,0.44667708800193184,0.0,0.02195971369002644,0.0,0.0,0.0,0.0,0.0,0.05207075574355092,0.07338857479303786,0.09372736033839166
focal_tversky_mix__mix_weight-0.5__alpha-0.2__gamma-2__beta-0.8,focal_tversky_mix,1,43,2,0.49899388298392294,0.5004223304390907,0.5,0.5,0.2,0.8,2.0,0.0,0.4095130621477014,0.0,0.023876167665888647,0.0,0.0,0.002492759341122459,0.0,0.0,0.04843133212830139,0.07029801820814943,0.086677845962718
focal_tversky_mix__mix_weight-0.5__alpha-0.2__gamma-2__beta-0.8,focal_tversky_mix,1,43,3,0.49780195638537406,0.49727451187372207,0.5,0.5,0.2,0.8,2.0,0.0,0.4136053239569732,0.0,0.014655345373579104,0.017836656321325483,0.0,0.281291281777629,0.000631460458220654,0.0,0.08089111865419193,0.12105002798836814,0.08921946513037556
focal_tversky_mix__mix_weight-0.5__alpha-0.2__gamma-2__beta-0.8,focal_tversky_mix,1,43,4,0.4970278312563896,0.4975517100095749,0.5,0.5,0.2,0.8,2.0,0.0,0.39423963331075523,0.0,0.017543428611267207,0.03796524048449688,0.0,0.0037466641060217147,0.0,0.0,0.050388329612504563,0.07562520526772722,0.08994966048130387
focal_tversky_mix__mix_weight-0.5__alpha-0.2__gamma-2__beta-0.8,focal_tversky_mix,1,43,5,0.4968190850317478,0.49479524201154707,0.5,0.5,0.2,0.8,2.0,0.0,0.5234750160452967,0.0,0.01066606427045537,0.09513940230084167,0.0,0.3258903959498919,0.0,0.006852764528190152,0.10689151589940843,0.15413991478323627,0.12585609652331872
