experiment_name,loss_mode,repeat_idx,seed,epoch,train_loss,val_loss,bce_weight,dice_weight,dice_smooth,soft_bce_smooth,iou_class_0,iou_class_1,iou_class_2,iou_class_3,iou_class_4,iou_class_5,iou_class_6,iou_class_7,iou_class_8,miou,macro_f1,rare_miou
soft_bce_dice__mix_weight-0.8__dice_smooth-1e-05__soft_bce_smooth-0.05,soft_bce_dice,0,42,1,0.36525331434607505,0.3499026206731796,0.8,0.19999999999999996,1e-05,0.05,0.0,0.43960330571997164,0.0,0.0,0.0,0.0,0.0,0.0,0.0,0.04884481174666352,0.0678587101774337,0.08792066114399433
soft_bce_dice__mix_weight-0.8__dice_smooth-1e-05__soft_bce_smooth-0.05,soft_bce_dice,0,42,2,0.3548981399536133,0.35006473505496977,0.8,0.19999999999999996,1e-05,0.05,0.0,0.2894915303401767,0.0,0.010640042969068255,0.0,0.0,0.0,0.0,0.0,0.0333479525899161,0.052228567345964386,0.06002631466184899
soft_bce_dice__mix_weight-0.8__dice_smooth-1e-05__soft_bce_smooth-0.05,soft_bce_dice,0,42,3,0.35230650767683985,0.346683246076107,0.8,0.19999999999999996,1e-05,0.05,0.0,0.4947170232567799,0.0,0.013874162774501013,0.0,0.0,0.0,0.0,0.0,0.05651013178125344,0.07659141096989514,0.1017182372062562
soft_bce_dice__mix_weight-0.8__dice_smooth-1e-05__soft_bce_smooth-0.05,soft_bce_dice,0,42,4,0.35012308180332186,0.34558711922168733,0.8,0.19999999999999996,1e-05,0.05,0.0,0.4486624554550641,0.0,0.01807052486095989,0.0,0.0,0.0,0.0,1.2454055187851396e-05,0.05186060381902354,0.07277117834602775,0.0933465960632048
soft_bce_dice__mix_weight-0.8__dice_smooth-1e-05__soft_bce_smooth-0.05,soft_bce_dice,0,42,5,0.3499036296606064,0.3464256258606911,0.8,0.19999999999999996,1e-05,0.05,0.0,0.521895783050328,0.0,0.007437393711914822,0.0,0.0,0.0,0.0,0.0,0.05881479741802699,0.07784606033235206,0.10586663535244858
