experiment_name,loss_mode,repeat_idx,seed,epoch,train_loss,val_loss,bce_weight,dice_weight,dice_smooth,soft_bce_smooth,iou_class_0,iou_class_1,iou_class_2,iou_class_3,iou_class_4,iou_class_5,iou_class_6,iou_class_7,iou_class_8,miou,macro_f1,rare_miou
soft_bce_dice__mix_weight-0.5__dice_smooth-1e-07__soft_bce_smooth-0.05,soft_bce_dice,1,43,1,0.5964380509853363,0.5857701579332352,0.5,0.5,1e-07,0.05,0.0,0.45150831786436507,0.0,0.01100838966837526,0.0,0.0,0.0,0.0,0.0,0.051390745281415594,0.07154444427259715,0.09250334150654807
soft_bce_dice__mix_weight-0.5__dice_smooth-1e-07__soft_bce_smooth-0.05,soft_bce_dice,1,43,2,0.5880296965837478,0.5821172357797623,0.5,0.5,1e-07,0.05,0.0,0.4962850987036421,0.0,0.040873572814744276,0.0,0.0,0.0,0.0,0.0,0.059684296835376266,0.08243259881975432,0.10743173430367728
soft_bce_dice__mix_weight-0.5__dice_smooth-1e-07__soft_bce_smooth-0.05,soft_bce_dice,1,43,3,0.5856060811281204,0.5792308758497238,0.5,0.5,1e-07,0.05,0.0,0.4913021471287557,0.0,0.023884386500748256,0.0,0.0,0.39232819702063043,0.0,0.0,0.10083497007223714,0.14101129726378472,0.10303730672590079
soft_bce_dice__mix_weight-0.5__dice_smooth-1e-07__soft_bce_smooth-0.05,soft_bce_dice,1,43,4,0.5847536681294441,0.5787957915067673,0.5,0.5,1e-07,0.05,0.0,0.5124568667978854,0.0,0.013713269663972471,0.0,0.0,0.40665706258909295,0.0,0.005963022017387388,0.1043100245631487,0.1438609393881687,0.10523402729237157
soft_bce_dice__mix_weight-0.5__dice_smooth-1e-07__soft_bce_smooth-0.05,soft_bce_dice,1,43,5,0.5840462552309036,0.5771458098888397,0.5,0.5,1e-07,0.05,0.0,0.5373739102328288,0.0,0.00625249118707894,0.0,0.0,0.4313196067242906,0.0,0.021387938313852717,0.11070377182867233,0.1506750861154094,0.10872528028398154
