experiment_name,loss_mode,repeat_idx,seed,epoch,train_loss,val_loss,bce_weight,dice_weight,dice_smooth,soft_bce_smooth,iou_class_0,iou_class_1,iou_class_2,iou_class_3,iou_class_4,iou_class_5,iou_class_6,iou_class_7,iou_class_8,miou,macro_f1,rare_miou
soft_bce_dice__mix_weight-0.8__dice_smooth-1e-07__soft_bce_smooth-0.05,soft_bce_dice,0,42,1,0.36445792132616045,0.34730130660533903,0.8,0.19999999999999996,1e-07,0.05,0.0,0.37522897786095166,0.0,0.00015275010332761448,0.0,0.0,0.0,0.0,0.0,0.04170908088491992,0.06066690924293652,0.07507634559285585
soft_bce_dice__mix_weight-0.8__dice_smooth-1e-07__soft_bce_smooth-0.05,soft_bce_dice,0,42,2,0.3539460504055023,0.35002519565820694,0.8,0.19999999999999996,1e-07,0.05,0.0,0.4876060884340067,0.0,0.00545863865692609,0.0,0.0,0.0,0.0,0.0,0.05478496967677031,0.07404623086530876,0.09861294541818656
soft_bce_dice__mix_weight-0.8__dice_smooth-1e-07__soft_bce_smooth-0.05,soft_bce_dice,0,42,3,0.3513783133924007,0.35014488554000855,0.8,0.19999999999999996,1e-07,0.05,0.0,0.5322750086630794,0.0,0.008507837847797886,0.0,0.0,0.0,0.0,0.0,0.06008698294565303,0.07906926736273386,0.10815656930217546
soft_bce_dice__mix_weight-0.8__dice_smooth-1e-07__soft_bce_smooth-0.05,soft_bce_dice,0,42,4,0.34897593793272974,0.3401367086172104,0.8,0.19999999999999996,1e-07,0.05,0.0,0.4499832330570739,0.0,0.026012963558916115,0.0,0.0,0.0,0.0,0.0,0.052888466290665556,0.07459784400871033,0.095199239323198
soft_bce_dice__mix_weight-0.8__dice_smooth-1e-07__soft_bce_smooth-0.05,soft_bce_dice,0,42,5,0.34881444478034973,0.34094461280107496,0.8,0.19999999999999996,1e-07,0.05,0.0,0.5151583315510124,0.0,0.026437063467398207,0.0,0.0,1.935503493583806e-05,1.0343935867597616e-05,0.0037201780744564998,0.0605939191181856,0.08211004531774836,0.10831907900368212
