experiment_name,loss_mode,repeat_idx,seed,epoch,train_loss,val_loss,bce_weight,tversky_weight,tversky_alpha,tversky_beta,iou_class_0,iou_class_1,iou_class_2,iou_class_3,iou_class_4,iou_class_5,iou_class_6,iou_class_7,iou_class_8,miou,macro_f1,rare_miou
bce_tversky__mix_weight-0.2__alpha-0.8__beta-0.2,bce_tversky,2,44,1,0.8072520318627358,0.8063806396722794,0.2,0.8,0.8,0.19999999999999996,0.0,0.399473081374546,0.0,0.11032091435248059,0.0,0.0,0.39963159309931157,0.0,0.00528910165479216,0.10163496560901447,0.15013164029827034,0.10195879914540532
bce_tversky__mix_weight-0.2__alpha-0.8__beta-0.2,bce_tversky,2,44,2,0.8003421927690506,0.7936851056814194,0.2,0.8,0.8,0.19999999999999996,0.0,0.5338340195759743,0.0,0.1533612612213057,0.03379891674523882,0.0,0.3914345687910464,0.027385951580071313,0.06303296474202644,0.1336497425172959,0.19577121422041094,0.14419883950850376
bce_tversky__mix_weight-0.2__alpha-0.8__beta-0.2,bce_tversky,2,44,3,0.7973136621713638,0.7950269974470139,0.2,0.8,0.8,0.19999999999999996,0.0,0.534783258955655,0.0,0.066610400941696,0.0799605901112292,0.0,0.3214636546852314,0.029571358802099157,0.07021620910333558,0.12251171917769405,0.18278394330328013,0.13627085000171607
bce_tversky__mix_weight-0.2__alpha-0.8__beta-0.2,bce_tversky,2,44,4,0.7941046729683876,0.7877414637804031,0.2,0.8,0.8,0.19999999999999996,0.09942258430735666,0.4759933487066403,0.0,0.23460016632015682,0.08373662770606159,0.0,0.37765135812320244,0.05660901319534759,0.08521787698081593,0.15702566392662015,0.24143081831597987,0.15886602854657175
bce_tversky__mix_weight-0.2__alpha-0.8__beta-0.2,bce_tversky,2,44,5,0.7918579576015472,0.7884249905347824,0.2,0.8,0.8,0.19999999999999996,0.07788777208953854,0.47186465494869023,0.0,0.23757885774838944,0.08693809254097115,0.0,0.2552464784851797,0.03741523444785571,0.11267972365002842,0.1421789793234059,0.22344060863860962,0.1592763210476102
