experiment_name,loss_mode,repeat_idx,seed,epoch,train_loss,val_loss,bce_weight,dice_weight,dice_smooth,iou_class_0,iou_class_1,iou_class_2,iou_class_3,iou_class_4,iou_class_5,iou_class_6,iou_class_7,iou_class_8,miou,macro_f1,rare_miou
bce_dice__mix_weight-0.5__dice_smooth-1e-07,bce_dice,0,42,1,0.5548116307854652,0.5395140658020974,0.5,0.5,1e-07,0.0,0.48781367001734693,0.0,0.006208632786597757,0.0,0.0,0.0,0.0,0.0,0.05489136697821608,0.07423181062476641,0.09880446056078894
bce_dice__mix_weight-0.5__dice_smooth-1e-07,bce_dice,0,42,2,0.5459663336277008,0.5417206695079804,0.5,0.5,1e-07,0.0,0.444357091180146,0.0,0.008027023838181976,0.0,0.0,0.07275742746298608,0.0397933229587351,0.0,0.0627705406044499,0.09371261585876632,0.0904768230036656
bce_dice__mix_weight-0.5__dice_smooth-1e-07,bce_dice,0,42,3,0.5426343999505043,0.5367236627936364,0.5,0.5,1e-07,0.0,0.5221053129992752,0.0,0.023692765599738135,0.0,0.0,0.12948146706130514,0.0,0.0,0.07503106062892427,0.10684391564671507,0.10915961571980266
bce_dice__mix_weight-0.5__dice_smooth-1e-07,bce_dice,0,42,4,0.5402437462806702,0.5327203140854836,0.5,0.5,1e-07,0.0,0.47885332190565355,0.0,0.023149795105979195,0.0316847342581304,0.0,0.3183447038886925,0.01403891583863812,0.0,0.09623016344412154,0.14054570267691865,0.10673757025395263
bce_dice__mix_weight-0.5__dice_smooth-1e-07,bce_dice,0,42,5,0.5385043146014213,0.5320525164008141,0.5,0.5,1e-07,0.0,0.5320889236466516,0.0,0.015958450461192614,0.10211144370751513,0.0,0.3593913675809643,0.0016587421377168077,0.01852214159524609,0.11441456323658741,0.16441619375237573,0.13003176356307186
