experiment_name,loss_mode,repeat_idx,seed,epoch,train_loss,val_loss,bce_weight,dice_weight,dice_smooth,soft_bce_smooth,iou_class_0,iou_class_1,iou_class_2,iou_class_3,iou_class_4,iou_class_5,iou_class_6,iou_class_7,iou_class_8,miou,macro_f1,rare_miou
soft_bce_dice__mix_weight-0.8__dice_smooth-1e-07__soft_bce_smooth-0.05,soft_bce_dice,2,44,1,0.3657660132050514,0.3477977876663208,0.8,0.19999999999999996,1e-07,0.05,0.0,0.4720118406489246,0.0,0.0,0.0,0.0,0.0,0.0,0.0,0.052445760072102734,0.07125725299734334,0.09440236812978492
soft_bce_dice__mix_weight-0.8__dice_smooth-1e-07__soft_bce_smooth-0.05,soft_bce_dice,2,44,2,0.35289474737644194,0.3433152700066566,0.8,0.19999999999999996,1e-07,0.05,0.0,0.393266667744008,0.0,0.0001569494470820671,0.0,0.0,0.007120089897562578,0.0,0.0,0.04450485634318362,0.06433088604389697,0.078684723438218
soft_bce_dice__mix_weight-0.8__dice_smooth-1e-07__soft_bce_smooth-0.05,soft_bce_dice,2,44,3,0.3511065064370632,0.3429051766395569,0.8,0.19999999999999996,1e-07,0.05,0.0,0.4368780322309896,0.0,0.005174859708193042,0.0,0.0,0.0,0.0,0.0,0.04911698799324252,0.06870998313933116,0.08841057838783653
soft_bce_dice__mix_weight-0.8__dice_smooth-1e-07__soft_bce_smooth-0.05,soft_bce_dice,2,44,4,0.3510030689537525,0.341555067896843,0.8,0.19999999999999996,1e-07,0.05,0.0,0.5439115603577106,0.0,0.004297141526615016,0.0,0.0,0.0,0.0,0.0,0.06091207798714729,0.07923850245368065,0.10964174037686511
soft_bce_dice__mix_weight-0.8__dice_smooth-1e-07__soft_bce_smooth-0.05,soft_bce_dice,2,44,5,0.35044519779086114,0.34087003535032273,0.8,0.19999999999999996,1e-07,0.05,0.0,0.5173080150390701,0.0,0.011438290492753848,0.0,0.0,0.2257828264548062,0.0,0.0,0.08383657022073668,0.11920928334026369,0.10574926110636478
