experiment_name,loss_mode,repeat_idx,seed,epoch,train_loss,val_loss,bce_weight,dice_weight,dice_smooth,iou_class_0,iou_class_1,iou_class_2,iou_class_3,iou_class_4,iou_class_5,iou_class_6,iou_class_7,iou_class_8,miou,macro_f1,rare_miou
bce_dice__mix_weight-0.8__dice_smooth-1e-06,bce_dice,2,44,1,0.30201548931002614,0.27485343083739283,0.8,0.19999999999999996,1e-06,0.0,0.4565547011094929,0.0,0.0,0.0,0.0,0.0,0.0,0.0,0.05072830012327699,0.06965519397882691,0.09131094022189859
bce_dice__mix_weight-0.8__dice_smooth-1e-06,bce_dice,2,44,2,0.28399462278187276,0.2714121156334877,0.8,0.19999999999999996,1e-06,0.0,0.36104015357332636,0.0,7.7278277258094e-06,0.0,0.0,0.009187168999747744,0.0,0.0,0.0411372278223111,0.060973128979861624,0.07220957628021044
bce_dice__mix_weight-0.8__dice_smooth-1e-06,bce_dice,2,44,3,0.28102337902784347,0.2714165987074375,0.8,0.19999999999999996,1e-06,0.0,0.44936172678631975,0.0,0.00564049907693157,0.0,0.0,0.0,0.0,0.0,0.05055580287369459,0.07014443954825793,0.09100044517265027
bce_dice__mix_weight-0.8__dice_smooth-1e-06,bce_dice,2,44,4,0.28068853545188904,0.2688647029697895,0.8,0.19999999999999996,1e-06,0.0,0.5472445206097231,0.0,0.009561846887016317,0.0,0.0,0.0,0.0,0.0,0.061867374166304376,0.080702450966357,0.11136127349934788
bce_dice__mix_weight-0.8__dice_smooth-1e-06,bce_dice,2,44,5,0.27925146993994715,0.26639229559898375,0.8,0.19999999999999996,1e-06,0.0,0.5552197933942777,0.0,0.018079074606382004,0.0,0.0,0.0,0.0,0.0,0.06369987422229553,0.08328046539201071,0.11465977360013195
