experiment_name,loss_mode,repeat_idx,seed,epoch,train_loss,val_loss,bce_weight,dice_weight,dice_smooth,soft_bce_smooth,iou_class_0,iou_class_1,iou_class_2,iou_class_3,iou_class_4,iou_class_5,iou_class_6,iou_class_7,iou_class_8,miou,macro_f1,rare_miou
soft_bce_dice__mix_weight-0.8__dice_smooth-1e-05__soft_bce_smooth-0.1,soft_bce_dice,2,44,1,0.4171422892510891,0.40460892391204833,0.8,0.19999999999999996,1e-05,0.1,0.0,0.3735494362084826,0.0,0.0,0.0,0.0,0.0,0.0,0.0,0.04150549291205362,0.060435382692339806,0.07470988724169651
soft_bce_dice__mix_weight-0.8__dice_smooth-1e-05__soft_bce_smooth-0.1,soft_bce_dice,2,44,2,0.4070895090699196,0.40439391529560087,0.8,0.19999999999999996,1e-05,0.1,0.0,0.43053566543408883,0.0,0.00031779511237401255,0.0,0.0,0.0,0.0,0.0,0.04787260672738476,0.06695085525752185,0.08617069210929257
soft_bce_dice__mix_weight-0.8__dice_smooth-1e-05__soft_bce_smooth-0.1,soft_bce_dice,2,44,3,0.4054314427673817,0.4001800244450569,0.8,0.19999999999999996,1e-05,0.1,0.0,0.4581677229359478,0.0,0.0022551551458223577,0.0,0.0,0.0,0.0,0.0,0.05115809756464113,0.07032398124915018,0.09208457561635404
soft_bce_dice__mix_weight-0.8__dice_smooth-1e-05__soft_bce_smooth-0.1,soft_bce_dice,2,44,4,0.40644125670194625,0.4002189997434616,0.8,0.19999999999999996,1e-05,0.1,0.0,0.4520319092173088,0.0,0.008603155022466011,0.0,0.0,0.0,0.0,0.0,0.051181673804419424,0.07107548279907897,0.09212701284795496
soft_bce_dice__mix_weight-0.8__dice_smooth-1e-05__soft_bce_smooth-0.1,soft_bce_dice,2,44,5,0.40564055696129797,0.43255743247270584,0.8,0.19999999999999996,1e-05,0.1,0.0,0.5384021848798173,0.0,0.010832806498815604,0.0,0.0,0.0,0.0,0.0,0.06102611015318143,0.08015369701101838,0.10984699827572657
