experiment_name,loss_mode,repeat_idx,seed,epoch,train_loss,val_loss,bce_weight,tversky_weight,tversky_alpha,tversky_beta,iou_class_0,iou_class_1,iou_class_2,iou_class_3,iou_class_4,iou_class_5,iou_class_6,iou_class_7,iou_class_8,miou,macro_f1,rare_miou
bce_tversky__mix_weight-0.2__alpha-0.5__beta-0.5,bce_tversky,0,42,1,0.8075845321416855,0.7987537534236908,0.2,0.8,0.5,0.5,0.0,0.5064430093194542,0.0,0.07819665702675492,0.0,0.0,0.3388970180186068,0.08826431876145434,0.0,0.1124223336806967,0.1650960477855883,0.11692793326924182
bce_tversky__mix_weight-0.2__alpha-0.5__beta-0.5,bce_tversky,0,42,2,0.8016255783438683,0.7999194843769073,0.2,0.8,0.5,0.5,0.0,0.3816344311690382,0.0,0.055044278731607534,0.03317882335338239,0.0,0.26881782160321444,0.04708162193240431,3.277555887244211e-07,0.08730636717169284,0.13718557744329712,0.09397150665080564
bce_tversky__mix_weight-0.2__alpha-0.5__beta-0.5,bce_tversky,0,42,3,0.7993778162002564,0.794327092885971,0.2,0.8,0.5,0.5,0.0,0.5015655926108138,0.0,0.048096101243543396,0.07015042447318749,0.0,0.41045137470304294,0.058104416617496005,0.010332622943847727,0.12207783695465903,0.178137138196435,0.12396242366550894
bce_tversky__mix_weight-0.2__alpha-0.5__beta-0.5,bce_tversky,0,42,4,0.7976463747620582,0.7963273026943207,0.2,0.8,0.5,0.5,0.006987953659642837,0.44930172291339704,0.0,0.06366117438918352,0.11358287820256645,0.0,0.2755460988480125,0.024709895846793995,0.03536185186420009,0.10768350841375515,0.16735353129850117,0.1253091551010294
bce_tversky__mix_weight-0.2__alpha-0.5__beta-0.5,bce_tversky,0,42,5,0.795524019241333,0.7931568117141724,0.2,0.8,0.5,0.5,0.06994162681106587,0.41261350302752403,0.0,0.051760174316770706,0.09484024579763041,0.0,0.3646717077062181,0.04502830588520221,0.1013747157067702,0.12669225325013125,0.19903432166658055,0.11184278462838504
