experiment_name,loss_mode,repeat_idx,seed,epoch,train_loss,val_loss,bce_weight,dice_weight,dice_smooth,soft_bce_smooth,iou_class_0,iou_class_1,iou_class_2,iou_class_3,iou_class_4,iou_class_5,iou_class_6,iou_class_7,iou_class_8,miou,macro_f1,rare_miou
soft_bce_dice__mix_weight-0.8__dice_smooth-1e-05__soft_bce_smooth-0.05,soft_bce_dice,1,43,1,0.3648102449774742,0.3462419404387474,0.8,0.19999999999999996,1e-05,0.05,0.0,0.5107479845564058,0.0,0.0011050941853982244,0.0,0.0,0.0,0.0,0.0,0.056872564304644886,0.0753733567255704,0.10237061574836079
soft_bce_dice__mix_weight-0.8__dice_smooth-1e-05__soft_bce_smooth-0.05,soft_bce_dice,1,43,2,0.35432751578092575,0.34580236774683,0.8,0.19999999999999996,1e-05,0.05,0.0,0.36951142436481693,0.0,0.00039367128267313637,0.0,0.0,0.0,0.0,0.0,0.04110056618305445,0.06004580140219692,0.07398101912949802
soft_bce_dice__mix_weight-0.8__dice_smooth-1e-05__soft_bce_smooth-0.05,soft_bce_dice,1,43,3,0.3521355260014534,0.34466497373580934,0.8,0.19999999999999996,1e-05,0.05,0.0,0.44048990846245134,0.0,0.007810938691871838,0.0,0.0,0.020231553634000615,0.0,0.0,0.05205915564314709,0.07408277569040621,0.08966016943086463
soft_bce_dice__mix_weight-0.8__dice_smooth-1e-05__soft_bce_smooth-0.05,soft_bce_dice,1,43,4,0.35181585854291914,0.3450188356637955,0.8,0.19999999999999996,1e-05,0.05,0.0,0.29543695056863534,0.0,0.0018362736486163185,0.0,0.0,0.0,0.0,0.0,0.033030358246361295,0.05108724419114084,0.05945464484345033
soft_bce_dice__mix_weight-0.8__dice_smooth-1e-05__soft_bce_smooth-0.05,soft_bce_dice,1,43,5,0.35048522889614103,0.3397422777414322,0.8,0.19999999999999996,1e-05,0.05,0.0,0.5075007260625221,0.0,0.0019182821764978251,0.0,0.0,0.056088895056070634,0.0,0.0,0.06283421147723228,0.08703889442891947,0.10188380164780397
