experiment_name,loss_mode,repeat_idx,seed,epoch,train_loss,val_loss,bce_weight,dice_weight,dice_smooth,soft_bce_smooth,iou_class_0,iou_class_1,iou_class_2,iou_class_3,iou_class_4,iou_class_5,iou_class_6,iou_class_7,iou_class_8,miou,macro_f1,rare_miou
soft_bce_dice__mix_weight-0.5__dice_smooth-1e-06__soft_bce_smooth-0e+00,soft_bce_dice,0,42,1,0.5550116863846779,0.539803339958191,0.5,0.5,1e-06,0.0,0.0,0.45210261021842535,0.0,0.0034462570075319064,0.0,0.0,0.0,0.0,0.0,0.05061654080288414,0.06995063401471906,0.09110977344519146
soft_bce_dice__mix_weight-0.5__dice_smooth-1e-06__soft_bce_smooth-0e+00,soft_bce_dice,0,42,2,0.5451789740920067,0.5402963406443596,0.5,0.5,1e-06,0.0,0.0,0.5129418387595878,0.0,0.004458802827785162,0.0,0.0,0.0,0.0,0.0,0.057488960176374775,0.07632779318271125,0.10348012831747459
soft_bce_dice__mix_weight-0.5__dice_smooth-1e-06__soft_bce_smooth-0e+00,soft_bce_dice,0,42,3,0.5426062793135643,0.5563122666478157,0.5,0.5,1e-06,0.0,0.0,0.46425155214395725,0.0,0.02012185714508657,0.0,0.0,0.002525130468526669,0.0,0.0,0.054099837750841165,0.07540021381908744,0.09687468185780876
soft_bce_dice__mix_weight-0.5__dice_smooth-1e-06__soft_bce_smooth-0e+00,soft_bce_dice,0,42,4,0.5400203604698182,0.532313120007515,0.5,0.5,1e-06,0.0,0.0,0.4797853499772276,0.0,0.01593393291651982,0.0,0.0,0.41627727930415975,0.056479162849406524,0.0,0.10760841389414597,0.1527319357630717,0.0991438565787495
soft_bce_dice__mix_weight-0.5__dice_smooth-1e-06__soft_bce_smooth-0e+00,soft_bce_dice,0,42,5,0.5389185208082199,0.5363301129341126,0.5,0.5,1e-06,0.0,0.0,0.5203436002039338,0.0,0.013127345243484044,0.011002428850520085,0.0,0.23879450992402068,0.0,0.01000440139741233,0.08814136506881899,0.12639173634050666,0.10889467485958756
