experiment_name,loss_mode,repeat_idx,seed,epoch,train_loss,val_loss,bce_weight,dice_weight,dice_smooth,soft_bce_smooth,iou_class_0,iou_class_1,iou_class_2,iou_class_3,iou_class_4,iou_class_5,iou_class_6,iou_class_7,iou_class_8,miou,macro_f1,rare_miou
soft_bce_dice__mix_weight-0.8__dice_smooth-1e-06__soft_bce_smooth-0.05,soft_bce_dice,2,44,1,0.36637252363562584,0.3455344585180283,0.8,0.19999999999999996,1e-06,0.05,0.0,0.4225138930583633,0.0,1.818788218708374e-06,0.0,0.0,0.0,0.0,0.0,0.04694619020517578,0.06600466374149767,0.0845031423693164
soft_bce_dice__mix_weight-0.8__dice_smooth-1e-06__soft_bce_smooth-0.05,soft_bce_dice,2,44,2,0.35347176933288577,0.3444612649679184,0.8,0.19999999999999996,1e-06,0.05,0.0,0.41105892350981194,0.0,0.006062857292247629,0.0,0.0,0.0011334550083248887,0.0,0.0,0.04647280397893161,0.06632685896783984,0.08342435616041191
soft_bce_dice__mix_weight-0.8__dice_smooth-1e-06__soft_bce_smooth-0.05,soft_bce_dice,2,44,3,0.3512940091788769,0.3446145533323288,0.8,0.19999999999999996,1e-06,0.05,0.0,0.41589349662805153,0.0,0.0072575446910244515,0.0,0.0,0.0,0.0,0.0,0.047016782368786224,0.06687498701880164,0.0846302082638152
soft_bce_dice__mix_weight-0.8__dice_smooth-1e-06__soft_bce_smooth-0.05,soft_bce_dice,2,44,4,0.3506535041332245,0.34715148884058,0.8,0.19999999999999996,1e-06,0.05,0.0,0.4809715635033629,0.0,0.0038985796236618744,0.0,0.0,0.0,0.0,0.0,0.053874460347447195,0.07303356185581183,0.09697402862540495
soft_bce_dice__mix_weight-0.8__dice_smooth-1e-06__soft_bce_smooth-0.05,soft_bce_dice,2,44,5,0.3502144876718521,0.3397531607747078,0.8,0.19999999999999996,1e-06,0.05,0.0,0.5595507140885505,0.0,0.008743094346207186,0.0,0.0,0.0,0.0,0.0,0.06314375649275086,0.08165711181476815,0.11365876168695155
