experiment_name,loss_mode,repeat_idx,seed,epoch,train_loss,val_loss,focal_weight,tversky_weight,tversky_alpha,tversky_beta,focal_gamma,iou_class_0,iou_class_1,iou_class_2,iou_class_3,iou_class_4,iou_class_5,iou_class_6,iou_class_7,iou_class_8,miou,macro_f1,rare_miou
focal_tversky_mix__mix_weight-0.5__alpha-0.2__gamma-1__beta-0.8,focal_tversky_mix,1,43,1,0.5186566686332226,0.5118781855106354,0.5,0.5,0.2,0.8,1.0,0.0,0.41782677280862335,0.0,0.013461775385082619,0.0,0.0,0.0,0.0,0.0,0.047920949799300665,0.06843959626027642,0.0862577096387412
focal_tversky_mix__mix_weight-0.5__alpha-0.2__gamma-1__beta-0.8,focal_tversky_mix,1,43,2,0.5135409848093987,0.512138382613659,0.5,0.5,0.2,0.8,1.0,0.0,0.3841790024465569,0.0,0.023498334739388872,0.0,0.0,0.0164459659073717,0.0,0.0,0.04712481145481305,0.07037528876208313,0.08153546743718916
focal_tversky_mix__mix_weight-0.5__alpha-0.2__gamma-1__beta-0.8,focal_tversky_mix,1,43,3,0.5123395628631114,0.5098453851938247,0.5,0.5,0.2,0.8,1.0,0.0,0.41896099354487887,0.0,0.02111278020338565,0.0,0.0,0.18094188417656107,0.09835822554941998,0.0,0.0799304314971384,0.12415638757297416,0.0880147547496529
focal_tversky_mix__mix_weight-0.5__alpha-0.2__gamma-1__beta-0.8,focal_tversky_mix,1,43,4,0.5111156041026116,0.5085340913534164,0.5,0.5,0.2,0.8,1.0,0.0,0.4262115242887263,0.0,0.008429984949745839,0.024764617453912476,0.0,0.19869329342217795,0.0022061140876142443,0.0,0.07336728157801964,0.1109615333420837,0.09188122533847691
focal_tversky_mix__mix_weight-0.5__alpha-0.2__gamma-1__beta-0.8,focal_tversky_mix,1,43,5,0.5105588714182376,0.5067242647409439,0.5,0.5,0.2,0.8,1.0,0.0,0.5199711953143976,0.0,0.016402132641160326,0.021839501207363787,0.0,0.36498858348015767,0.0,0.017143745962615607,0.10448279540063278,0.14752242285086925,0.11164256583258433
