experiment_name,loss_mode,repeat_idx,seed,epoch,train_loss,val_loss,bce_weight,dice_weight,dice_smooth,soft_bce_smooth,iou_class_0,iou_class_1,iou_class_2,iou_class_3,iou_class_4,iou_class_5,iou_class_6,iou_class_7,iou_class_8,miou,macro_f1,rare_miou
soft_bce_dice__mix_weight-0.2__dice_smooth-1e-07__soft_bce_smooth-0.1,soft_bce_dice,2,44,1,0.8338782892227173,0.828743424654007,0.2,0.8,1e-07,0.1,0.0,0.39915704256185464,0.0,0.09456169174602988,0.0,0.0,0.4321948773183146,0.0,0.0,0.10287929018068878,0.14965494106033927,0.0987437468615769
soft_bce_dice__mix_weight-0.2__dice_smooth-1e-07__soft_bce_smooth-0.1,soft_bce_dice,2,44,2,0.8296765654683113,0.8258228561878205,0.2,0.8,1e-07,0.1,0.0,0.5407554343590977,0.0,0.06853508651164808,0.03836829186445916,0.0,0.3421905542207125,0.03934046887284683,0.0027718131188608263,0.11466240543862499,0.1661383161502309,0.12953176254704096
soft_bce_dice__mix_weight-0.2__dice_smooth-1e-07__soft_bce_smooth-0.1,soft_bce_dice,2,44,3,0.8279100254178047,0.8268225672245025,0.2,0.8,1e-07,0.1,0.0,0.5121981108434089,0.0,0.03995757571885982,0.05549640631497608,0.0,0.32117833289997505,0.031089764772419554,0.049294449604199986,0.11213496001709328,0.166653932038617,0.12153041857544897
soft_bce_dice__mix_weight-0.2__dice_smooth-1e-07__soft_bce_smooth-0.1,soft_bce_dice,2,44,4,0.8270985819101334,0.828271386384964,0.2,0.8,1e-07,0.1,0.0,0.3227431625488168,0.0,0.13023556734673902,0.0606384269217455,0.0,0.33496076931395363,0.07737028448185365,0.03798931331022222,0.10710416932481454,0.17238287413163145,0.10272343136346027
soft_bce_dice__mix_weight-0.2__dice_smooth-1e-07__soft_bce_smooth-0.1,soft_bce_dice,2,44,5,0.8257905978560448,0.8239047631025315,0.2,0.8,1e-07,0.1,0.07735340764653612,0.42977428478797974,0.0,0.1295009099493595,0.10571120614070977,0.0,0.29473897320918974,0.06865405418331848,0.08321349282501272,0.1321051476380118,0.2114120639151417,0.1329972801756098
