experiment_name,loss_mode,repeat_idx,seed,epoch,train_loss,val_loss,bce_weight,dice_weight,dice_smooth,iou_class_0,iou_class_1,iou_class_2,iou_class_3,iou_class_4,iou_class_5,iou_class_6,iou_class_7,iou_class_8,miou,macro_f1,rare_miou
bce_dice__mix_weight-0.5__dice_smooth-1e-05,bce_dice,2,44,1,0.5568322493433953,0.5442675767540932,0.5,0.5,1e-05,0.0,0.4370386032876647,0.0,0.013407217367523148,0.0,0.0,0.0,0.0,0.0,0.05004953562835421,0.070523180397031,0.09008916413103757
bce_dice__mix_weight-0.5__dice_smooth-1e-05,bce_dice,2,44,2,0.5445028399229049,0.5354600431919098,0.5,0.5,1e-05,0.0,0.5054920711471667,0.0,0.004539760016877446,0.0,0.0,0.39739154367134766,0.0,0.0,0.10082481942615464,0.13881456654523977,0.10200636623280881
bce_dice__mix_weight-0.5__dice_smooth-1e-05,bce_dice,2,44,3,0.5425248871445656,0.5355266023278237,0.5,0.5,1e-05,0.0,0.508257745634098,0.0,0.010758423273841496,0.0,0.0,0.0,0.06972021284748484,0.0,0.06541515352838048,0.09173408445247172,0.10380323378158789
bce_dice__mix_weight-0.5__dice_smooth-1e-05,bce_dice,2,44,4,0.5418828813433647,0.5339513325691223,0.5,0.5,1e-05,0.0,0.5427385311771222,0.0,0.020848423332179965,0.0,0.0,0.053459512677717265,0.0,3.305693156396925e-05,0.0685643915687315,0.09400096487254882,0.11271739090186043
bce_dice__mix_weight-0.5__dice_smooth-1e-05,bce_dice,2,44,5,0.5407990995049476,0.5332006350755691,0.5,0.5,1e-05,0.0,0.5701466249659166,0.0,0.012347149028182467,0.003027431767234404,0.0,0.3240962289702815,0.09427095402314514,0.0,0.11154315430608447,0.15761090886033063,0.1171042411522667
