experiment_name,loss_mode,repeat_idx,seed,epoch,train_loss,val_loss,bce_weight,dice_weight,dice_smooth,iou_class_0,iou_class_1,iou_class_2,iou_class_3,iou_class_4,iou_class_5,iou_class_6,iou_class_7,iou_class_8,miou,macro_f1,rare_miou
bce_dice__mix_weight-0.8__dice_smooth-1e-05,bce_dice,2,44,1,0.3017754263430834,0.2793741473853588,0.8,0.19999999999999996,1e-05,0.0,0.4098213945138959,0.0,0.006007532115948989,0.0,0.0,0.0,0.0,0.0,0.04620321406998276,0.06592487786256179,0.08316578532596898
bce_dice__mix_weight-0.8__dice_smooth-1e-05,bce_dice,2,44,2,0.28341497348248956,0.27271262899041177,0.8,0.19999999999999996,1e-05,0.0,0.37606016328691544,0.0,0.000327910501112237,0.0,0.0,0.13414993652498106,0.0,0.0,0.0567264455903343,0.08708839023083564,0.07527761475760554
bce_dice__mix_weight-0.8__dice_smooth-1e-05,bce_dice,2,44,3,0.28085352087020876,0.2731303914785385,0.8,0.19999999999999996,1e-05,0.0,0.45308104760948964,0.0,0.006171574138198536,0.0,0.0,0.0,0.06740368509212728,0.0,0.058517367426646164,0.08468626302595038,0.09185052434953764
bce_dice__mix_weight-0.8__dice_smooth-1e-05,bce_dice,2,44,4,0.2809358166605234,0.2695803252160549,0.8,0.19999999999999996,1e-05,0.0,0.48531650184888125,0.0,0.0031753080146660834,0.0,0.0,0.0,0.0,0.0,0.05427686776261637,0.07331290599380609,0.09769836197270947
bce_dice__mix_weight-0.8__dice_smooth-1e-05,bce_dice,2,44,5,0.2795867406129837,0.27015410697460174,0.8,0.19999999999999996,1e-05,0.0,0.5251045378900515,0.0,0.015068963914826494,0.0,0.0,0.024317455717158515,0.0,0.0,0.0627212175024485,0.08508725759917711,0.1080347003609756
