experiment_name,loss_mode,repeat_idx,seed,epoch,train_loss,val_loss,bce_weight,dice_weight,dice_smooth,iou_class_0,iou_class_1,iou_class_2,iou_class_3,iou_class_4,iou_class_5,iou_class_6,iou_class_7,iou_class_8,miou,macro_f1,rare_miou
bce_dice__mix_weight-0.8__dice_smooth-1e-06,bce_dice,1,43,1,0.300824646294117,0.27579262605309485,0.8,0.19999999999999996,1e-06,0.0,0.45882621393968626,0.0,0.0007819299992310001,0.0,0.0,0.0,0.0,0.0,0.051067571548768585,0.07006637989337303,0.09192162878778345
bce_dice__mix_weight-0.8__dice_smooth-1e-06,bce_dice,1,43,2,0.2852739127874374,0.27247212147712707,0.8,0.19999999999999996,1e-06,0.0,0.5044833426933245,0.0,0.004101288135029247,0.0,0.0,0.03637600610107372,0.0,0.0,0.0605511818810475,0.083223058782515,0.10171692616567077
bce_dice__mix_weight-0.8__dice_smooth-1e-06,bce_dice,1,43,3,0.282310628965497,0.2712505778670311,0.8,0.19999999999999996,1e-06,0.0,0.4461637816295898,0.0,0.011930238122117465,0.0,0.0,0.389811411522929,0.0,0.0,0.0942117145860707,0.133507309519834,0.09161880395034146
bce_dice__mix_weight-0.8__dice_smooth-1e-06,bce_dice,1,43,4,0.2802970878183842,0.2711003929674625,0.8,0.19999999999999996,1e-06,0.0,0.4083966906451609,0.0,0.008566203626736926,0.0,0.0,0.12724238793894793,0.0,0.0,0.06046725357898286,0.09141012614392752,0.08339257885437956
bce_dice__mix_weight-0.8__dice_smooth-1e-06,bce_dice,1,43,5,0.2794376744925976,0.2651077226400375,0.8,0.19999999999999996,1e-06,0.0,0.5327351395766973,0.0,0.004243199821796473,0.0,0.0,0.4056101809270229,0.0,0.0,0.10473205781394629,0.1423026726914754,0.10739566787969874
