experiment_name,loss_mode,repeat_idx,seed,epoch,train_loss,val_loss,focal_weight,tversky_weight,tversky_alpha,tversky_beta,focal_gamma,iou_class_0,iou_class_1,iou_class_2,iou_class_3,iou_class_4,iou_class_5,iou_class_6,iou_class_7,iou_class_8,miou,macro_f1,rare_miou
focal_tversky_mix__mix_weight-0.2__alpha-0.8__gamma-2__beta-0.2,focal_tversky_mix,0,42,1,0.7789270569086075,0.7754341933727265,0.2,0.8,0.8,0.19999999999999996,2.0,0.0,0.3831575481902537,0.0,0.1302173414177861,0.032815540179124095,0.0,0.2655312313216478,0.019666782784488124,0.0018590193106070166,0.09258305146710076,0.14554775825651378,0.10923808595743278
focal_tversky_mix__mix_weight-0.2__alpha-0.8__gamma-2__beta-0.2,focal_tversky_mix,0,42,2,0.775402628660202,0.7748314667940139,0.2,0.8,0.8,0.19999999999999996,2.0,0.0009944764886868575,0.2838072437053739,0.0,0.14015381539271538,0.033286474413716086,0.0,0.2795646160057886,0.03130842659305987,0.06718716206734301,0.09292246829629819,0.15311094935663874,0.09144950670236107
focal_tversky_mix__mix_weight-0.2__alpha-0.8__gamma-2__beta-0.2,focal_tversky_mix,0,42,3,0.773646413743496,0.7712581950426102,0.2,0.8,0.8,0.19999999999999996,2.0,0.08378082580286093,0.3860622294219214,0.00029523907397698354,0.16254264575294244,0.040755594087579984,0.0,0.3116497427407317,0.061328827209319044,0.09037573715801778,0.12631009347192781,0.20297297738707243,0.11793114166728418
focal_tversky_mix__mix_weight-0.2__alpha-0.8__gamma-2__beta-0.2,focal_tversky_mix,0,42,4,0.7719283847808838,0.7692938349246978,0.2,0.8,0.8,0.19999999999999996,2.0,0.0987819472168953,0.48325288208592126,0.0004539466734875064,0.1781466820114954,0.09245060772823915,0.0,0.2872336140288514,0.02228855131073265,0.13124677137146445,0.143761666936343,0.2251021490055693,0.15086082369982864
focal_tversky_mix__mix_weight-0.2__alpha-0.8__gamma-2__beta-0.2,focal_tversky_mix,0,42,5,0.7703375052213669,0.7684010722637177,0.2,0.8,0.8,0.19999999999999996,2.0,0.09849380940210058,0.38639056286798146,0.0077680263629689075,0.18408367962214303,0.08997372182586495,0.0,0.30419468435122354,0.04720905956217797,0.13271694506793055,0.1389811654513768,0.2243502488166317,0.13364319813579167
