experiment_name,loss_mode,repeat_idx,seed,epoch,train_loss,val_loss,bce_weight,dice_weight,dice_smooth,iou_class_0,iou_class_1,iou_class_2,iou_class_3,iou_class_4,iou_class_5,iou_class_6,iou_class_7,iou_class_8,miou,macro_f1,rare_miou
bce_dice__mix_weight-0.5__dice_smooth-1e-07,bce_dice,2,44,1,0.5566317611932754,0.53865313321352,0.5,0.5,1e-07,0.0,0.4588964359866355,0.0,0.043713479545747114,0.0,0.0,0.0,0.0,0.0,0.05584554617026474,0.07920733971603278,0.10052198310647653
bce_dice__mix_weight-0.5__dice_smooth-1e-07,bce_dice,2,44,2,0.5437601409554481,0.5344870782494545,0.5,0.5,1e-07,0.0,0.47088544887695644,0.0,0.014716397894483244,0.0,0.0,0.47254370257528666,0.0,0.0,0.10646061659408071,0.14567630613019822,0.09712036935428794
bce_dice__mix_weight-0.5__dice_smooth-1e-07,bce_dice,2,44,3,0.5418856154680252,0.5358343507647514,0.5,0.5,1e-07,0.0,0.4822204130416982,0.0,0.007981180396528707,0.0,0.0,0.09285025655760991,0.0656021189472242,0.0,0.07207266321589567,0.10661766121112747,0.09804031868764539
bce_dice__mix_weight-0.5__dice_smooth-1e-07,bce_dice,2,44,4,0.5405724242925644,0.531513499557972,0.5,0.5,1e-07,0.0,0.5011138639988179,0.0,0.0357773701055724,0.032313086970112925,0.0,0.03625906613281488,0.0,0.007991809376794628,0.06816168850934586,0.09835333566426574,0.11384086421490063
bce_dice__mix_weight-0.5__dice_smooth-1e-07,bce_dice,2,44,5,0.5397330648899078,0.5314247189760208,0.5,0.5,1e-07,0.0,0.5560595364220944,0.0,0.04534354792361027,0.05638913742737761,0.0,0.268409096082493,0.07099596823887742,0.021747730378526592,0.11321611294144213,0.16739827210893246,0.13155844435461644
