experiment_name,loss_mode,repeat_idx,seed,epoch,train_loss,val_loss,bce_weight,dice_weight,dice_smooth,soft_bce_smooth,iou_class_0,iou_class_1,iou_class_2,iou_class_3,iou_class_4,iou_class_5,iou_class_6,iou_class_7,iou_class_8,miou,macro_f1,rare_miou
soft_bce_dice__mix_weight-0.5__dice_smooth-1e-07__soft_bce_smooth-0e+00,soft_bce_dice,0,42,1,0.5541082327365875,0.537078883588314,0.5,0.5,1e-07,0.0,0.0,0.4952214496482943,0.0,0.007492916956168458,0.0,0.0,0.0,0.0,0.0,0.055857151844940306,0.0752533192150082,0.10054287332089255
soft_bce_dice__mix_weight-0.5__dice_smooth-1e-07__soft_bce_smooth-0e+00,soft_bce_dice,0,42,2,0.5446689049005509,0.5405432524681091,0.5,0.5,1e-07,0.0,0.0,0.48859422046922174,0.0,0.004661136798502521,0.0,0.0,0.0,0.0,4.322622181208252e-05,0.05481095372105959,0.07397955392859051,0.09865107145354485
soft_bce_dice__mix_weight-0.5__dice_smooth-1e-07__soft_bce_smooth-0e+00,soft_bce_dice,0,42,3,0.5417907276749611,0.5334579929113388,0.5,0.5,1e-07,0.0,0.0,0.5781780695755018,0.0,0.01734215844761493,0.0,0.0,0.19652071180867206,0.0,0.0,0.08800454887019875,0.121699543366585,0.11910404560462333
soft_bce_dice__mix_weight-0.5__dice_smooth-1e-07__soft_bce_smooth-0e+00,soft_bce_dice,0,42,4,0.5392171955108642,0.532636481821537,0.5,0.5,1e-07,0.0,0.0,0.490927770971334,0.0,0.019055301128504315,0.07917177629612834,0.0,0.3787257022489103,0.0,9.832126275964187e-07,0.10754239265083383,0.15467393191836767,0.11783096967919333
soft_bce_dice__mix_weight-0.5__dice_smooth-1e-07__soft_bce_smooth-0e+00,soft_bce_dice,0,42,5,0.5381890773177147,0.5343895583748818,0.5,0.5,1e-07,0.0,0.0,0.5758807710039494,0.0,0.013340888103704648,0.05870089990190642,0.0,0.1784824580266522,0.0,0.0063136705512580205,0.09252429862083006,0.13150462038455638,0.12958451180191208
