experiment_name,loss_mode,repeat_idx,seed,epoch,train_loss,val_loss,bce_weight,dice_weight,dice_smooth,soft_bce_smooth,iou_class_0,iou_class_1,iou_class_2,iou_class_3,iou_class_4,iou_class_5,iou_class_6,iou_class_7,iou_class_8,miou,macro_f1,rare_miou
soft_bce_dice__mix_weight-0.2__dice_smooth-1e-05__soft_bce_smooth-0e+00,soft_bce_dice,2,44,1,0.8077498173117638,0.7993671580553054,0.2,0.8,1e-05,0.0,0.0,0.47977852143458377,0.0,0.10808033079800848,0.0,0.0,0.4497098173349111,0.0,0.0,0.11528540772972261,0.1626596291658234,0.11757177044651845
soft_bce_dice__mix_weight-0.2__dice_smooth-1e-05__soft_bce_smooth-0e+00,soft_bce_dice,2,44,2,0.8012557579278946,0.796681711435318,0.2,0.8,1e-05,0.0,0.0,0.5347114270605805,0.0,0.051723141090124276,0.012469004149910699,0.0,0.34596276913419327,0.023304242287200762,0.009176321380913408,0.10859410056699144,0.15529119544136105,0.1197807144601231
soft_bce_dice__mix_weight-0.2__dice_smooth-1e-05__soft_bce_smooth-0e+00,soft_bce_dice,2,44,3,0.798995920419693,0.7964732038974762,0.2,0.8,1e-05,0.0,0.0,0.5652839978811519,0.0,0.03238975330592229,0.04815447745157229,0.0,0.2863113195627856,0.03429200609311875,0.03849049693572559,0.11165800569225295,0.16250137572858825,0.12916564572772932
soft_bce_dice__mix_weight-0.2__dice_smooth-1e-05__soft_bce_smooth-0e+00,soft_bce_dice,2,44,4,0.7975706386566163,0.7956241462230682,0.2,0.8,1e-05,0.0,0.0,0.5124954189527602,0.0,0.1322637856422258,0.07779389693279982,0.0,0.37521039895787534,0.05215425655221701,0.06190198429561701,0.1346466379259439,0.20189654224541612,0.14451062030555714
soft_bce_dice__mix_weight-0.2__dice_smooth-1e-05__soft_bce_smooth-0e+00,soft_bce_dice,2,44,5,0.7954639268517494,0.7934276518821717,0.2,0.8,1e-05,0.0,0.07184125393624566,0.523931244991616,0.0,0.14322762396814592,0.07911768821718443,0.0,0.2705853550096574,0.03815716909704215,0.08073980699036723,0.13417779357891765,0.2075228461596306,0.14925531143538928
