experiment_name,loss_mode,repeat_idx,seed,epoch,train_loss,val_loss,bce_weight,dice_weight,dice_smooth,soft_bce_smooth,iou_class_0,iou_class_1,iou_class_2,iou_class_3,iou_class_4,iou_class_5,iou_class_6,iou_class_7,iou_class_8,miou,macro_f1,rare_miou
soft_bce_dice__mix_weight-0.5__dice_smooth-1e-07__soft_bce_smooth-0.05,soft_bce_dice,0,42,1,0.5945155341029167,0.5852754826545715,0.5,0.5,1e-07,0.05,0.0,0.4872526866780166,0.0,0.016882069931213835,0.0,0.0,0.0,0.0,0.00021485370371868403,0.05603884559032768,0.07654131255387382,0.10082695132184609
soft_bce_dice__mix_weight-0.5__dice_smooth-1e-07__soft_bce_smooth-0.05,soft_bce_dice,0,42,2,0.5874513868689537,0.5927175905704498,0.5,0.5,1e-07,0.05,0.0,0.33872734042690616,0.0,0.014756402132733422,0.0,0.0,0.0,0.0,0.0,0.03927597139551551,0.05945860468709591,0.07069674851192792
soft_bce_dice__mix_weight-0.5__dice_smooth-1e-07__soft_bce_smooth-0.05,soft_bce_dice,0,42,3,0.5857778437733651,0.5805178762674331,0.5,0.5,1e-07,0.05,0.0,0.541494976861038,0.0,0.028980453431109162,0.0,0.0,0.26277025947661936,0.0,0.0,0.09258285441875183,0.13056303563655763,0.11409508605842941
soft_bce_dice__mix_weight-0.5__dice_smooth-1e-07__soft_bce_smooth-0.05,soft_bce_dice,0,42,4,0.5842102403044701,0.5802986133098602,0.5,0.5,1e-07,0.05,0.0,0.481522610434242,0.0,0.028470528114378866,0.012127605729120751,0.0,0.34320024875339594,0.04722125651850011,0.0,0.10139358328329307,0.14784105577329198,0.10442414885554832
soft_bce_dice__mix_weight-0.5__dice_smooth-1e-07__soft_bce_smooth-0.05,soft_bce_dice,0,42,5,0.5838386521339417,0.5798061503171921,0.5,0.5,1e-07,0.05,0.0,0.5149751413423675,0.0,0.016665432905379092,0.0,0.0,0.24734642329202244,0.0,0.0,0.08655411083775214,0.12324744657979683,0.10632811484954934
