experiment_name,loss_mode,repeat_idx,seed,epoch,train_loss,val_loss,bce_weight,dice_weight,dice_smooth,soft_bce_smooth,iou_class_0,iou_class_1,iou_class_2,iou_class_3,iou_class_4,iou_class_5,iou_class_6,iou_class_7,iou_class_8,miou,macro_f1,rare_miou
soft_bce_dice__mix_weight-0.2__dice_smooth-1e-06__soft_bce_smooth-0e+00,soft_bce_dice,2,44,1,0.8077851129770279,0.7975616594552993,0.2,0.8,1e-06,0.0,0.0,0.4793322237747173,0.0,0.11854619777397153,0.0,0.0,0.39894147628348803,0.0,0.0,0.11075776642579743,0.15892789428127665,0.11957568430973778
soft_bce_dice__mix_weight-0.2__dice_smooth-1e-06__soft_bce_smooth-0e+00,soft_bce_dice,2,44,2,0.8003903580307961,0.7975467981100083,0.2,0.8,1e-06,0.0,0.0,0.48967624468356613,0.0,0.056775359303859914,0.052841125637048514,0.0,0.37489467788187647,0.03996312380429979,0.013830950929947312,0.1142201646933998,0.16830414329752388,0.11985854592489491
soft_bce_dice__mix_weight-0.2__dice_smooth-1e-06__soft_bce_smooth-0e+00,soft_bce_dice,2,44,3,0.7988424367308616,0.7959455757141113,0.2,0.8,1e-06,0.0,0.0,0.5357157032792201,0.0,0.02418401578317131,0.06598586017282008,0.0,0.3214362552080089,0.033398074276232606,0.047047518994388166,0.11419638085709345,0.16774485941620476,0.1251771158470423
soft_bce_dice__mix_weight-0.2__dice_smooth-1e-06__soft_bce_smooth-0e+00,soft_bce_dice,2,44,4,0.7978889127969742,0.7938087928295136,0.2,0.8,1e-06,0.0,0.040847202571884234,0.5444571466543883,0.0,0.10056112406211033,0.06329105800418175,0.0,0.33488346892064047,0.045843638015444395,0.046931529203734605,0.13075724082582046,0.19604368600477573,0.14166186574413608
soft_bce_dice__mix_weight-0.2__dice_smooth-1e-06__soft_bce_smooth-0e+00,soft_bce_dice,2,44,5,0.7958247682452202,0.7914820902347565,0.2,0.8,1e-06,0.0,0.07893361680753204,0.49513434968991843,0.0,0.1468292657895277,0.07629328037808272,0.0,0.31388497940159205,0.0366851438629793,0.09639216750542702,0.13823920038167328,0.21454255076941445,0.14365137917150578
