experiment_name,loss_mode,repeat_idx,seed,epoch,train_loss,val_loss,bce_weight,dice_weight,dice_smooth,soft_bce_smooth,iou_class_0,iou_class_1,iou_class_2,iou_class_3,iou_class_4,iou_class_5,iou_class_6,iou_class_7,iou_class_8,miou,macro_f1,rare_miou
soft_bce_dice__mix_weight-0.8__dice_smooth-1e-06__soft_bce_smooth-0.05,soft_bce_dice,0,42,1,0.3651558638215065,0.3503854202032089,0.8,0.19999999999999996,1e-06,0.05,0.0,0.526071101332963,0.0,0.0020134326524585766,0.0,0.0,0.0,0.0,0.0,0.058676059331713507,0.07705153858906344,0.10561690679708431
soft_bce_dice__mix_weight-0.8__dice_smooth-1e-06__soft_bce_smooth-0.05,soft_bce_dice,0,42,2,0.35434007972478865,0.3568338859081268,0.8,0.19999999999999996,1e-06,0.05,0.0,0.007576193921513055,0.0,0.0001755450595023196,0.0,0.0,0.0,0.0,0.0,0.0008613043312239306,0.0017099424555490966,0.001550347796203075
soft_bce_dice__mix_weight-0.8__dice_smooth-1e-06__soft_bce_smooth-0.05,soft_bce_dice,0,42,3,0.3522048655450344,0.34622474724054336,0.8,0.19999999999999996,1e-06,0.05,0.0,0.556361196549705,0.0,0.013373071605256436,0.0,0.0,0.0,0.0,0.0,0.06330380757277349,0.08237160464352354,0.11394685363099229
soft_bce_dice__mix_weight-0.8__dice_smooth-1e-06__soft_bce_smooth-0.05,soft_bce_dice,0,42,4,0.34969847825169564,0.350367587685585,0.8,0.19999999999999996,1e-06,0.05,0.0,0.21422196689979892,0.0,0.009560543784800686,0.0,0.0,0.14977549085773806,0.0,0.0,0.04150644461581529,0.07025829913829407,0.044756502136919916
soft_bce_dice__mix_weight-0.8__dice_smooth-1e-06__soft_bce_smooth-0.05,soft_bce_dice,0,42,5,0.34960030123591423,0.34401175141334533,0.8,0.19999999999999996,1e-06,0.05,0.0,0.5353492286817546,0.0,0.008858476068016825,0.0,0.0,0.0,0.0,0.0,0.060467522749974606,0.07943623913150163,0.10884154094995428
