experiment_name,loss_mode,repeat_idx,seed,epoch,train_loss,val_loss,bce_weight,tversky_weight,tversky_alpha,tversky_beta,iou_class_0,iou_class_1,iou_class_2,iou_class_3,iou_class_4,iou_class_5,iou_class_6,iou_class_7,iou_class_8,miou,macro_f1,rare_miou
bce_tversky__mix_weight-0.5__alpha-0.2__beta-0.8,bce_tversky,1,43,1,0.5529798663258553,0.5373716517686844,0.5,0.5,0.2,0.8,0.0,0.48146176992029394,0.0,0.008177682443559885,0.0,0.0,0.0,0.0,0.0,0.054404383595983756,0.07402274871028237,0.09792789047277076
bce_tversky__mix_weight-0.5__alpha-0.2__beta-0.8,bce_tversky,1,43,2,0.5420916256308556,0.5343690053224563,0.5,0.5,0.2,0.8,0.0,0.4671357629758235,0.0,0.01564845414471921,0.0,0.0,0.0,0.0,0.0,0.05364269079117141,0.07417937177273283,0.09655684342410854
bce_tversky__mix_weight-0.5__alpha-0.2__beta-0.8,bce_tversky,1,43,3,0.5393237414360046,0.5337322405576705,0.5,0.5,0.2,0.8,0.0,0.4850701916889007,0.0,0.02214138704371505,0.0,0.0,0.2586546700942588,0.08782950150663152,0.005715893431852872,0.09549018264059544,0.14227011715237495,0.10144231574652315
bce_tversky__mix_weight-0.5__alpha-0.2__beta-0.8,bce_tversky,1,43,4,0.5378310570716858,0.5309431762695312,0.5,0.5,0.2,0.8,0.0,0.4226479736084826,0.0,0.011768120985448773,0.0,0.0,0.3749814011514118,0.07313848346175597,0.01101453774121786,0.09928339077203523,0.14677387919959467,0.08688321891878628
bce_tversky__mix_weight-0.5__alpha-0.2__beta-0.8,bce_tversky,1,43,5,0.5368692272305489,0.5303229908943177,0.5,0.5,0.2,0.8,1.1196578325663675e-06,0.47791188489934666,0.0,0.005447635390024896,0.03122365009224447,0.0,0.3199175159810217,0.0,0.03426920254577745,0.09653011206291642,0.14101728932336868,0.1029166340763232
