experiment_name,loss_mode,repeat_idx,seed,epoch,train_loss,val_loss,bce_weight,dice_weight,dice_smooth,soft_bce_smooth,iou_class_0,iou_class_1,iou_class_2,iou_class_3,iou_class_4,iou_class_5,iou_class_6,iou_class_7,iou_class_8,miou,macro_f1,rare_miou
soft_bce_dice__mix_weight-0.5__dice_smooth-1e-06__soft_bce_smooth-0.1,soft_bce_dice,0,42,1,0.6265675676465035,0.616145465373993,0.5,0.5,1e-06,0.1,0.0,0.449914183372366,0.0,0.009170639497344719,0.0,0.0,0.0,0.0,0.0,0.05100942476330119,0.07097584707046771,0.09181696457394214
soft_bce_dice__mix_weight-0.5__dice_smooth-1e-06__soft_bce_smooth-0.1,soft_bce_dice,0,42,2,0.6207111206650734,0.6202755279541016,0.5,0.5,1e-06,0.1,0.0,0.4989775565059009,0.0,0.009461726517876598,0.0,0.0,0.0,0.0,0.0,0.05649325366930861,0.07605592120217913,0.1016878566047555
soft_bce_dice__mix_weight-0.5__dice_smooth-1e-06__soft_bce_smooth-0.1,soft_bce_dice,0,42,3,0.6188870966434479,0.6146627520322799,0.5,0.5,1e-06,0.1,0.0,0.5146844212000132,0.0,0.03732587585533059,0.0,0.0,0.11994972352448144,0.0,0.0,0.07466222450886946,0.10730711848823636,0.11040205941106876
soft_bce_dice__mix_weight-0.5__dice_smooth-1e-06__soft_bce_smooth-0.1,soft_bce_dice,0,42,4,0.617245993733406,0.6143630023002624,0.5,0.5,1e-06,0.1,0.0,0.485912738244329,0.0,0.020123884357941182,0.0,0.0,0.3827906924013839,0.00414629618169441,1.703478174841069e-05,0.099221182885233,0.13949129690987952,0.10120732452045404
soft_bce_dice__mix_weight-0.5__dice_smooth-1e-06__soft_bce_smooth-0.1,soft_bce_dice,0,42,5,0.6166330806016922,0.6128128862380982,0.5,0.5,1e-06,0.1,0.0,0.5610152643403485,0.0,0.018023774372439,0.0,0.0,0.3736557416440044,0.0,0.057481077312096236,0.1122417619632098,0.1563262464012581,0.1158078077425575
