experiment_name,loss_mode,repeat_idx,seed,epoch,train_loss,val_loss,bce_weight,tversky_weight,tversky_alpha,tversky_beta,iou_class_0,iou_class_1,iou_class_2,iou_class_3,iou_class_4,iou_class_5,iou_class_6,iou_class_7,iou_class_8,miou,macro_f1,rare_miou
bce_tversky__mix_weight-0.2__alpha-0.2__beta-0.8,bce_tversky,0,42,1,0.8042343993186951,0.7968401401042938,0.2,0.8,0.2,0.8,0.0,0.48668859969054945,0.0,0.04581198687504846,0.0,0.0,0.42876272616054545,0.04075623035123149,0.0,0.11133550478637498,0.1578718442446404,0.10650011731311959
bce_tversky__mix_weight-0.2__alpha-0.2__beta-0.8,bce_tversky,0,42,2,0.7983911443352699,0.796214543581009,0.2,0.8,0.2,0.8,0.0,0.4428358289279333,0.0,0.037413868320309414,0.047876924868091045,0.0,0.25375653592194514,0.04872205971114345,0.0,0.0922894686388247,0.14167332181567568,0.10562532442326675
bce_tversky__mix_weight-0.2__alpha-0.2__beta-0.8,bce_tversky,0,42,3,0.7961107141971588,0.7943240630626679,0.2,0.8,0.2,0.8,0.0,0.4833700417430132,0.0,0.04879554731449412,0.02864277343301188,0.0,0.28246801011535405,0.07422034707371944,0.0004046795792235247,0.10198904436209069,0.15332892711605664,0.11216167249810385
bce_tversky__mix_weight-0.2__alpha-0.2__beta-0.8,bce_tversky,0,42,4,0.7946939436197281,0.7906016736030579,0.2,0.8,0.2,0.8,0.04771604252838464,0.5435032154917236,0.0,0.04391621282981369,0.07512559788693242,0.0,0.37835406488371376,0.029712791422153915,0.015311332963803458,0.12595991755628064,0.18400972167213303,0.13250900524169396
bce_tversky__mix_weight-0.2__alpha-0.2__beta-0.8,bce_tversky,0,42,5,0.7926543609499931,0.7889947699308395,0.2,0.8,0.2,0.8,0.07235674987836371,0.5378765645679795,0.0,0.024769306169294226,0.052286275907001724,0.0,0.42529211240179066,0.030760370615038016,0.10471038394414087,0.1386724181648454,0.20313408063243818,0.12298642932885509
