experiment_name,loss_mode,repeat_idx,seed,epoch,train_loss,val_loss,bce_weight,dice_weight,dice_smooth,iou_class_0,iou_class_1,iou_class_2,iou_class_3,iou_class_4,iou_class_5,iou_class_6,iou_class_7,iou_class_8,miou,macro_f1,rare_miou
bce_dice__mix_weight-0.2__dice_smooth-1e-06,bce_dice,1,43,1,0.8074917021393776,0.7982458900213242,0.2,0.8,1e-06,0.0,0.5084366423485228,0.0,0.08404576603730893,0.0,0.0,0.10616144858710864,0.0594407693693222,7.529597867094086e-06,0.08423246177112552,0.12592841390210954,0.11849648167716635
bce_dice__mix_weight-0.2__dice_smooth-1e-06,bce_dice,1,43,2,0.8015330876708031,0.7968786978721618,0.2,0.8,1e-06,0.0,0.5143891043256473,0.0,0.08814644196042404,0.0,0.0,0.3774399427198464,0.06230101414837937,0.025184733890861597,0.11860680411612873,0.17286724119965224,0.12050710925721426
bce_dice__mix_weight-0.2__dice_smooth-1e-06,bce_dice,1,43,3,0.7991417745947837,0.7993264220952988,0.2,0.8,1e-06,0.0,0.43151890618633804,0.0,0.03218729420627451,0.00884034285635477,0.0,0.35501160624816674,0.02353698751447503,0.05156834388869496,0.100295942322256,0.15009375201356873,0.09450930864979347
bce_dice__mix_weight-0.2__dice_smooth-1e-06,bce_dice,1,43,4,0.7979021248221397,0.7966670514345169,0.2,0.8,1e-06,0.011353474607249288,0.4653359845894764,0.0,0.047538266723939446,0.06456237168628905,0.0,0.26054636970090694,0.036243463196747275,0.04631566191050277,0.10354395471279013,0.16016688382328415,0.11548732459994097
bce_dice__mix_weight-0.2__dice_smooth-1e-06,bce_dice,1,43,5,0.7965418475270272,0.7925367258787155,0.2,0.8,1e-06,0.030418104205620286,0.5546684059815356,0.0,0.09996940145342277,0.09987335537887845,0.0,0.3202794066835098,0.04445527624753012,0.05930076789440851,0.13432941309387839,0.20202513963168156,0.15090223256276736
