experiment_name,loss_mode,repeat_idx,seed,epoch,train_loss,val_loss,bce_weight,dice_weight,dice_smooth,iou_class_0,iou_class_1,iou_class_2,iou_class_3,iou_class_4,iou_class_5,iou_class_6,iou_class_7,iou_class_8,miou,macro_f1,rare_miou
bce_dice__mix_weight-0.8__dice_smooth-1e-06,bce_dice,0,42,1,0.3021812664270401,0.28038495463132856,0.8,0.19999999999999996,1e-06,0.0,0.02100569745447968,0.0,0.0,0.0,0.0,0.0,0.0,0.0,0.0023339663838310757,0.004571896884904763,0.004201139490895936
bce_dice__mix_weight-0.8__dice_smooth-1e-06,bce_dice,0,42,2,0.2870933906584978,0.27903832682967183,0.8,0.19999999999999996,1e-06,0.0,0.39616856401995365,0.0,0.0019129364926073836,0.0,0.0,0.0,0.0,0.0,0.044231277834729,0.06348075357608766,0.07961630010251221
bce_dice__mix_weight-0.8__dice_smooth-1e-06,bce_dice,0,42,3,0.2832086065858603,0.2701948285102844,0.8,0.19999999999999996,1e-06,0.0,0.5451009538791753,0.0,0.009716360740613047,0.0,0.0,0.0,0.0,0.0,0.06164636829108759,0.08053688013471068,0.11096346292395767
bce_dice__mix_weight-0.8__dice_smooth-1e-06,bce_dice,0,42,4,0.2796031692028046,0.26908852222561835,0.8,0.19999999999999996,1e-06,0.0,0.4174736237637212,0.0,0.005613363357889036,0.0,0.0,1.3073919251346098e-05,0.0,0.0,0.04701111789342907,0.06669213416271615,0.08461739742432205
bce_dice__mix_weight-0.8__dice_smooth-1e-06,bce_dice,0,42,5,0.27900667345523833,0.2714597460925579,0.8,0.19999999999999996,1e-06,0.0,0.4922855759482844,0.0,0.0055388581052528,0.0,0.0,0.0,0.0,0.0,0.05531382600594858,0.07453229425034752,0.09956488681070744
