experiment_name,loss_mode,repeat_idx,seed,epoch,train_loss,val_loss,bce_weight,dice_weight,dice_smooth,soft_bce_smooth,iou_class_0,iou_class_1,iou_class_2,iou_class_3,iou_class_4,iou_class_5,iou_class_6,iou_class_7,iou_class_8,miou,macro_f1,rare_miou
soft_bce_dice__mix_weight-0.5__dice_smooth-1e-07__soft_bce_smooth-0.1,soft_bce_dice,1,43,1,0.6275615173578263,0.6173519197702407,0.5,0.5,1e-07,0.1,0.0,0.48918315520320793,0.0,0.020318464522979467,0.0,0.0,0.0,0.0,0.0,0.056611291080687486,0.07742328284593136,0.10190032394523747
soft_bce_dice__mix_weight-0.5__dice_smooth-1e-07__soft_bce_smooth-0.1,soft_bce_dice,1,43,2,0.6209784938097,0.614640323638916,0.5,0.5,1e-07,0.1,0.0,0.516958088838348,0.0,0.026754647811121166,0.0,0.0,0.0011253570579458961,0.0,0.0,0.06053756596749057,0.08177057494195152,0.10874254732989383
soft_bce_dice__mix_weight-0.5__dice_smooth-1e-07__soft_bce_smooth-0.1,soft_bce_dice,1,43,3,0.6191529684662819,0.6151401584148407,0.5,0.5,1e-07,0.1,0.0,0.4909762551206111,0.0,0.020220611659358307,0.0,0.0,0.2878262473806225,0.0,0.0,0.08878034601784354,0.12724801844691971,0.1022393733559939
soft_bce_dice__mix_weight-0.5__dice_smooth-1e-07__soft_bce_smooth-0.1,soft_bce_dice,1,43,4,0.61849858045578,0.620292539358139,0.5,0.5,1e-07,0.1,0.0,0.3693698160879147,0.0,0.011215539772465807,0.0,0.0,0.16535669450357512,4.654939666809761e-05,0.0,0.06066539997340264,0.09394853480169327,0.0761170711720761
soft_bce_dice__mix_weight-0.5__dice_smooth-1e-07__soft_bce_smooth-0.1,soft_bce_dice,1,43,5,0.6187895510792732,0.6158905544281006,0.5,0.5,1e-07,0.1,0.0,0.47549300593217814,0.0,0.0042518140184574045,0.0,0.0,0.2514285153619825,0.0,0.0,0.08124148170140201,0.11720165460238922,0.09594896399012712
