experiment_name,loss_mode,repeat_idx,seed,epoch,train_loss,val_loss,bce_weight,dice_weight,dice_smooth,iou_class_0,iou_class_1,iou_class_2,iou_class_3,iou_class_4,iou_class_5,iou_class_6,iou_class_7,iou_class_8,miou,macro_f1,rare_miou
bce_dice__mix_weight-0.2__dice_smooth-1e-05,bce_dice,0,42,1,0.8071974403262139,0.7988671540021897,0.2,0.8,1e-05,0.0,0.47711227576480514,0.0,0.08494017644426045,0.0,0.0,0.3104659221794852,0.06777770884140763,0.0,0.1044773425811065,0.15592926602161722,0.11241049044181313
bce_dice__mix_weight-0.2__dice_smooth-1e-05,bce_dice,0,42,2,0.8016643217206001,0.7980623700618744,0.2,0.8,1e-05,0.0,0.46237644967781133,0.0,0.05734272393004063,0.0,0.0,0.3708725921234117,0.061956963453979774,0.008085487055441752,0.10673713513785392,0.15718109128694147,0.10394383472157039
bce_dice__mix_weight-0.2__dice_smooth-1e-05,bce_dice,0,42,3,0.7999037252068519,0.7955065619945526,0.2,0.8,1e-05,0.0,0.45722789697727184,0.0,0.05376030694112568,0.0002313450100373882,0.0,0.4161216058036593,0.04186628729311342,0.009077213963998586,0.10869829510991182,0.15734219249796266,0.10224390978568698
bce_dice__mix_weight-0.2__dice_smooth-1e-05,bce_dice,0,42,4,0.7979422911405564,0.798536816239357,0.2,0.8,1e-05,0.0,0.49965769388338555,0.0,0.06769043929605341,0.059417554185914656,0.0,0.2623469658669379,0.030933813963967237,0.031904478934535685,0.10577232734786605,0.16031414717764966,0.12535313747307072
bce_dice__mix_weight-0.2__dice_smooth-1e-05,bce_dice,0,42,5,0.7961066331267357,0.7944979820251464,0.2,0.8,1e-05,0.04761766988331221,0.44501299553894114,0.0,0.022071695976184868,0.047482462817234,0.0,0.36472736778505993,0.04811337567234785,0.13304522403054977,0.12311897685595888,0.1890941068996681,0.102913430866472
