experiment_name,loss_mode,repeat_idx,seed,epoch,train_loss,val_loss,bce_weight,dice_weight,dice_smooth,soft_bce_smooth,iou_class_0,iou_class_1,iou_class_2,iou_class_3,iou_class_4,iou_class_5,iou_class_6,iou_class_7,iou_class_8,miou,macro_f1,rare_miou
soft_bce_dice__mix_weight-0.5__dice_smooth-1e-06__soft_bce_smooth-0.05,soft_bce_dice,1,43,1,0.5949121990799904,0.5824769796133041,0.5,0.5,1e-06,0.05,0.0,0.5144452010035325,0.0,0.026171293703987852,0.0,0.0,0.0,0.0,6.776693543186035e-05,0.060076029071439135,0.08116972755589305,0.10812329894150408
soft_bce_dice__mix_weight-0.5__dice_smooth-1e-06__soft_bce_smooth-0.05,soft_bce_dice,1,43,2,0.5873308245539666,0.5792691789865494,0.5,0.5,1e-06,0.05,0.0,0.5387976825288858,0.0,0.009479011018315886,0.0,0.0,0.3570105305720796,0.0,5.130601587545383e-05,0.10059317001501741,0.138370964252852,0.10965533870944033
soft_bce_dice__mix_weight-0.5__dice_smooth-1e-06__soft_bce_smooth-0.05,soft_bce_dice,1,43,3,0.5852764496803283,0.5785258259773255,0.5,0.5,1e-06,0.05,0.0,0.5434975914286646,0.0,0.01570703110037719,0.0,0.0,0.438240804367015,0.00042899377700593335,0.0,0.1108749356303403,0.14949330571283725,0.11184092450580836
soft_bce_dice__mix_weight-0.5__dice_smooth-1e-06__soft_bce_smooth-0.05,soft_bce_dice,1,43,4,0.5845565516352653,0.5783049834966659,0.5,0.5,1e-06,0.05,0.0,0.535419506944228,0.0,0.031910399351307524,0.0,0.0,0.3859477143864425,7.728253981338839e-05,0.0,0.10592832258019905,0.14626336573660567,0.11346598125910712
soft_bce_dice__mix_weight-0.5__dice_smooth-1e-06__soft_bce_smooth-0.05,soft_bce_dice,1,43,5,0.5838566185235977,0.5775057641267777,0.5,0.5,1e-06,0.05,0.0,0.5384555637585676,0.0,0.005757253403037634,0.0,0.0,0.32484191556861686,0.0,0.03049368086836966,0.09994982373317687,0.1401124597045329,0.10884256343232106
