experiment_name,loss_mode,repeat_idx,seed,epoch,train_loss,val_loss,bce_weight,tversky_weight,tversky_alpha,tversky_beta,iou_class_0,iou_class_1,iou_class_2,iou_class_3,iou_class_4,iou_class_5,iou_class_6,iou_class_7,iou_class_8,miou,macro_f1,rare_miou
bce_tversky__mix_weight-0.5__alpha-0.5__beta-0.5,bce_tversky,0,42,1,0.5548103395104408,0.5394365266561508,0.5,0.5,0.5,0.5,0.0,0.48930546886770115,0.0,0.009313560551635784,0.0,0.0,0.0,0.02727268231652135,0.0,0.058432412415095364,0.08096051672787549,0.0997238058838674
bce_tversky__mix_weight-0.5__alpha-0.5__beta-0.5,bce_tversky,0,42,2,0.5448329674601555,0.5387651721835136,0.5,0.5,0.5,0.5,0.0,0.5247520393043946,0.0,0.010279780197570828,0.0,0.0,0.0,0.03914936814542141,0.0,0.06379790973859853,0.08711228353870559,0.10700636390039309
bce_tversky__mix_weight-0.5__alpha-0.5__beta-0.5,bce_tversky,0,42,3,0.5420722413063049,0.5326674607992172,0.5,0.5,0.5,0.5,0.0,0.5655200638614081,0.0,0.0159692134406709,0.0,0.0,0.24079352067495582,0.0,0.0,0.09136475533078164,0.12689266052391812,0.1162978554604158
bce_tversky__mix_weight-0.5__alpha-0.5__beta-0.5,bce_tversky,0,42,4,0.5396505504250526,0.5329163436889648,0.5,0.5,0.5,0.5,0.0,0.47908740888711543,0.0,0.019290033065755864,0.02598940209936613,0.0,0.38288934380731193,0.011145220925405692,0.0,0.10204460097610611,0.14579159657037696,0.10487336881044748
bce_tversky__mix_weight-0.5__alpha-0.5__beta-0.5,bce_tversky,0,42,5,0.5392810671925544,0.5376954419612885,0.5,0.5,0.5,0.5,0.0,0.5421951993013456,0.0,0.010248816743597419,0.06444714365090645,0.0,0.024457698757591313,0.0,9.830911597493642e-06,0.07126207659611536,0.09914384618661272,0.1233782319391699
