experiment_name,loss_mode,repeat_idx,seed,epoch,train_loss,val_loss,bce_weight,dice_weight,dice_smooth,soft_bce_smooth,iou_class_0,iou_class_1,iou_class_2,iou_class_3,iou_class_4,iou_class_5,iou_class_6,iou_class_7,iou_class_8,miou,macro_f1,rare_miou
soft_bce_dice__mix_weight-0.8__dice_smooth-1e-06__soft_bce_smooth-0e+00,soft_bce_dice,1,43,1,0.3009891117811203,0.27798384535312654,0.8,0.19999999999999996,1e-06,0.0,0.0,0.4003018169579432,0.0,0.0004586894880559229,0.0,0.0,0.0,0.0,0.0,0.04452894516066657,0.06362815999031785,0.08015210128919983
soft_bce_dice__mix_weight-0.8__dice_smooth-1e-06__soft_bce_smooth-0e+00,soft_bce_dice,1,43,2,0.2851081261783838,0.27385515466332433,0.8,0.19999999999999996,1e-06,0.0,0.0,0.4350403949845998,0.0,0.0013516146643344335,0.0,0.0,0.0,0.0,0.0,0.0484880010721038,0.06766784329187193,0.08727840192978684
soft_bce_dice__mix_weight-0.8__dice_smooth-1e-06__soft_bce_smooth-0e+00,soft_bce_dice,1,43,3,0.2829381274133921,0.2751527070105076,0.8,0.19999999999999996,1e-06,0.0,0.0,0.45786797325715195,0.0,0.0059030825523686565,0.0,0.0,0.0,0.0,0.0,0.05153011731216896,0.07109672686541321,0.09275421116190412
soft_bce_dice__mix_weight-0.8__dice_smooth-1e-06__soft_bce_smooth-0e+00,soft_bce_dice,1,43,4,0.2809753380715847,0.27217941108345983,0.8,0.19999999999999996,1e-06,0.0,0.0,0.34277399307644596,0.0,0.003764988921267935,0.0,0.0,0.0,0.0,0.0,0.03850433133307932,0.05756086718987837,0.06930779639954278
soft_bce_dice__mix_weight-0.8__dice_smooth-1e-06__soft_bce_smooth-0e+00,soft_bce_dice,1,43,5,0.279478077813983,0.2666470525562763,0.8,0.19999999999999996,1e-06,0.0,0.0,0.5114157678907346,0.0,0.0022343476209693972,0.0,0.0,0.043682072312400316,0.0,0.0,0.0619257986471227,0.08498930308615466,0.1027300231023408
