experiment_name,loss_mode,repeat_idx,seed,epoch,train_loss,val_loss,bce_weight,tversky_weight,tversky_alpha,tversky_beta,iou_class_0,iou_class_1,iou_class_2,iou_class_3,iou_class_4,iou_class_5,iou_class_6,iou_class_7,iou_class_8,miou,macro_f1,rare_miou
bce_tversky__mix_weight-0.2__alpha-0.2__beta-0.8,bce_tversky,1,43,1,0.8045289512872696,0.7978417823314666,0.2,0.8,0.2,0.8,0.0,0.44664192033789285,0.0,0.0694695362212167,0.0,0.0,0.05263614121688318,0.026692859789248746,0.0,0.06616005084058238,0.0999342071374722,0.1032222913118219
bce_tversky__mix_weight-0.2__alpha-0.2__beta-0.8,bce_tversky,1,43,2,0.7989021362066269,0.7958914712667465,0.2,0.8,0.2,0.8,0.0,0.45793300456387953,0.0,0.05873357329322762,0.0,0.0,0.33481074533145544,0.06950517643152967,0.00035571225494106554,0.10237091243055925,0.15238813541898638,0.10333331557142142
bce_tversky__mix_weight-0.2__alpha-0.2__beta-0.8,bce_tversky,1,43,3,0.7963648114204407,0.7954002711772918,0.2,0.8,0.2,0.8,0.0,0.48335733601644587,0.0,0.07993378939990956,0.05929715932356463,0.0,0.3538716918291611,0.05298931588286143,0.004659485065083196,0.11490097527966953,0.17159709688315167,0.124517656947984
bce_tversky__mix_weight-0.2__alpha-0.2__beta-0.8,bce_tversky,1,43,4,0.7944796738624573,0.7941609572172165,0.2,0.8,0.2,0.8,0.03552010256688065,0.50790762888551,0.0,0.1234349461942232,0.03149746945203904,0.0,0.2663577926970731,0.03991375812935666,0.031510356620987806,0.11512689494956338,0.17573398260194484,0.13256800890635445
bce_tversky__mix_weight-0.2__alpha-0.2__beta-0.8,bce_tversky,1,43,5,0.7934340729117394,0.7901170884370804,0.2,0.8,0.2,0.8,0.0314030710070314,0.48838908209998755,0.0020569818846137753,0.03577238011467404,0.07543899778301717,0.0,0.3140475644648333,0.04311299808017238,0.11905734671884194,0.12325315801701905,0.18934018387087226,0.12033148837645853
