experiment_name,loss_mode,repeat_idx,seed,epoch,train_loss,val_loss,focal_weight,tversky_weight,tversky_alpha,tversky_beta,focal_gamma,iou_class_0,iou_class_1,iou_class_2,iou_class_3,iou_class_4,iou_class_5,iou_class_6,iou_class_7,iou_class_8,miou,macro_f1,rare_miou
focal_tversky_mix__mix_weight-0.2__alpha-0.8__gamma-3__beta-0.2,focal_tversky_mix,2,44,1,0.7725301971435546,0.7698774428367615,0.2,0.8,0.8,0.19999999999999996,3.0,0.0007234183930466095,0.412122436452441,0.00011790244612898527,0.12713096383630615,0.030564494932536525,0.0,0.24234462800829398,0.013655937010531338,0.0670797144140276,0.0993043883881458,0.15700928499643474,0.11398715953348253
focal_tversky_mix__mix_weight-0.2__alpha-0.8__gamma-3__beta-0.2,focal_tversky_mix,2,44,2,0.7702162255644798,0.7682831009626389,0.2,0.8,0.8,0.19999999999999996,3.0,0.00036991240557362397,0.41433035805980417,4.1651119807710666e-05,0.16097139961359389,0.037877826973166065,0.0,0.24923240403484284,0.018387736623572123,0.046469895126556554,0.1030756871063241,0.16232918674426847,0.12264424715327438
focal_tversky_mix__mix_weight-0.2__alpha-0.8__gamma-3__beta-0.2,focal_tversky_mix,2,44,3,0.7687615897655488,0.7687448145151138,0.2,0.8,0.8,0.19999999999999996,3.0,0.049815652149920155,0.371056897775761,0.0,0.13299265795512516,0.04899467839563483,0.0,0.3518512862830377,0.020266020946095944,0.06739564981477884,0.11581920481337263,0.18343398706842018,0.11060884682530421
focal_tversky_mix__mix_weight-0.2__alpha-0.8__gamma-3__beta-0.2,focal_tversky_mix,2,44,4,0.7677278690338135,0.7656861506700515,0.2,0.8,0.8,0.19999999999999996,3.0,0.09242487983184688,0.4507241645745313,0.0006718303020476595,0.2019786219524229,0.044644946916736594,0.0,0.26664047473261765,0.024118895924350736,0.08760180014476689,0.12986729048659118,0.20474396127323832,0.13960391274914769
focal_tversky_mix__mix_weight-0.2__alpha-0.8__gamma-3__beta-0.2,focal_tversky_mix,2,44,5,0.7664461041688919,0.7662247306108475,0.2,0.8,0.8,0.19999999999999996,3.0,0.08373245265591987,0.40543306469294604,0.0037077069710512666,0.18216742752997986,0.04554705794766978,0.0,0.20525825982337426,0.02152260149850349,0.09351261531987197,0.11565346515992407,0.18755085826280296,0.12737105142832938
