experiment_name,loss_mode,repeat_idx,seed,epoch,train_loss,val_loss,bce_weight,dice_weight,dice_smooth,soft_bce_smooth,iou_class_0,iou_class_1,iou_class_2,iou_class_3,iou_class_4,iou_class_5,iou_class_6,iou_class_7,iou_class_8,miou,macro_f1,rare_miou
soft_bce_dice__mix_weight-0.8__dice_smooth-1e-05__soft_bce_smooth-0e+00,soft_bce_dice,2,44,1,0.3011320396065712,0.2756527171730995,0.8,0.19999999999999996,1e-05,0.0,0.0,0.48974351842144115,0.0,0.0015776199149890955,0.0,0.0,0.0,0.0,0.0,0.054591237592936694,0.073404144094451,0.09826422766728606
soft_bce_dice__mix_weight-0.8__dice_smooth-1e-05__soft_bce_smooth-0e+00,soft_bce_dice,2,44,2,0.28348594675958155,0.2715753407180309,0.8,0.19999999999999996,1e-05,0.0,0.0,0.4248982714083212,0.0,0.0025910988794949855,0.0,0.0,0.0,0.0,0.0,0.04749881892086846,0.0668399812695505,0.08549787405756323
soft_bce_dice__mix_weight-0.8__dice_smooth-1e-05__soft_bce_smooth-0e+00,soft_bce_dice,2,44,3,0.2814189693182707,0.2722504737973213,0.8,0.19999999999999996,1e-05,0.0,0.0,0.3290547260575867,0.0,0.003911325436193568,0.0,0.0,0.0,0.0,0.0,0.03699622794375336,0.05588480490489578,0.06659321029875605
soft_bce_dice__mix_weight-0.8__dice_smooth-1e-05__soft_bce_smooth-0e+00,soft_bce_dice,2,44,4,0.2803999975770712,0.26664095431566237,0.8,0.19999999999999996,1e-05,0.0,0.0,0.5466634324009241,0.0,0.008868979233919876,0.0,0.0,0.0,0.0,0.0,0.06172582351498265,0.08049731906079857,0.11110648232696878
soft_bce_dice__mix_weight-0.8__dice_smooth-1e-05__soft_bce_smooth-0e+00,soft_bce_dice,2,44,5,0.2795762609243393,0.26763484010100363,0.8,0.19999999999999996,1e-05,0.0,0.0,0.5433292492274966,0.0,0.012734446985211511,0.0,0.0,0.0,0.0,0.0,0.061784855134745346,0.08102765359215537,0.11121273924254163
