epoch,train_loss,val_loss,iou_class_0,iou_class_1,iou_class_2,iou_class_3,iou_class_4,iou_class_5,miou,macro_f1,rare_miou
1,0.7744123875498772,0.7631374545097351,0.0,0.01096770303299437,0.16721617044304368,0.0,0.052036423274954724,0.07990625293985425,0.07753163742271175,0.138782824810737,0.07753163742271175
2,0.76366971129179,0.7618245841264725,0.0,0.04240380881882461,0.17773492082021655,0.0,0.045851632445006674,0.0970461142841,0.09075911909203695,0.16194704526984305,0.09075911909203695
3,0.7615995237231254,0.7599367686510086,0.0,0.06439625150998513,0.1602781245124806,0.0,0.05712562002858136,0.12189551992698136,0.10092387899450711,0.18066398446551088,0.10092387899450711
