epoch,train_loss,val_loss,iou_class_0,iou_class_1,iou_class_2,iou_class_3,iou_class_4,iou_class_5,miou,macro_f1,rare_miou
1,0.880758368730545,0.8753100891113281,0.0,0.048301255409907554,0.0837356260389635,0.0,0.03485203202685954,0.09171194665693685,0.06465021503316687,0.12051360286113323,0.06465021503316687
2,0.8724691695570945,0.871917155623436,0.0,0.06944538240562816,0.1441401496349508,0.0,0.0353409623793171,0.12713308734295023,0.09401489544071157,0.16892251087745366,0.09401489544071157
3,0.8699807277321816,0.8698853598833084,0.0,0.09482099186949021,0.12170124276530762,0.0,0.0441654244082377,0.13544054530522814,0.09903205108706592,0.1783438068118593,0.09903205108706592
4,0.8676160662174225,0.8677954890727997,0.0,0.09529663383491743,0.16979861213495653,0.0,0.05194736170838681,0.1407202680342008,0.1144407189281154,0.20245015295350163,0.1144407189281154
