epoch,train_loss,val_loss,iou_class_0,iou_class_1,iou_class_2,iou_class_3,iou_class_4,iou_class_5,miou,macro_f1,rare_miou
1,0.7745440572500228,0.7637181769609451,0.0,0.017457951090639728,0.08828458589842349,0.0,0.05887445220264506,0.06454907552722874,0.057291516179734256,0.10725860564211871,0.057291516179734256
2,0.7636222819685936,0.7614833674430848,0.0,0.03997239376362318,0.16867149589136757,0.0,0.054181545655483374,0.0970800931021515,0.08997638210315641,0.16132493819126098,0.08997638210315641
3,0.7616871665120125,0.760769759774208,0.0,0.05417797090436072,0.1236720772060176,0.0,0.052179309196960524,0.11909483634703913,0.08728104841359449,0.15873327668919396,0.08728104841359449
4,0.7595927305817604,0.7585681982040405,0.0,0.0802761927774673,0.1549695565689421,0.0,0.05644910349667112,0.14289931221339344,0.10864854126411849,0.1934761340082199,0.10864854126411849
