epoch,train_loss,val_loss,iou_class_0,iou_class_1,iou_class_2,iou_class_3,iou_class_4,iou_class_5,miou,macro_f1,rare_miou
1,0.808093544781208,0.8013721494674683,0.0,0.0430869082706293,0.11150776610139279,0.0,0.059099576369445066,0.10444821013256515,0.07953561521850808,0.14600024919771004,0.07953561521850808
2,0.8001202246546746,0.7984786651134491,0.0,0.046513230059517366,0.1127634483676252,0.0,0.05527094713643706,0.10183592177133768,0.07909588683372931,0.1452911193192997,0.07909588683372931
3,0.7977692257761956,0.7967951829433442,0.0,0.07347309743533406,0.15003092953750527,0.0,0.055926395507876515,0.13253738678235413,0.1029919523157675,0.1844468441365224,0.1029919523157675
