epoch,train_loss,val_loss,iou_class_0,iou_class_1,iou_class_2,iou_class_3,iou_class_4,iou_class_5,miou,macro_f1,rare_miou
1,0.8810356377363205,0.8757033638954163,0.0,0.05335800757167664,0.12001815023793865,0.0,0.040863979762424195,0.10121619647847574,0.0788640835126288,0.1444926255215944,0.0788640835126288
2,0.8734531660676003,0.8738856120109558,0.0,0.044690670362390446,0.12210306529722235,0.0,0.03897325370541456,0.12826022041341703,0.08350680244461109,0.15139304012301705,0.08350680244461109
3,0.8713177825212479,0.871684789299965,0.0,0.06680941423876709,0.10936538281949733,0.0,0.042453023207145085,0.15153786078215362,0.09254142026189077,0.16676470635773738,0.09254142026189077
4,0.8691440297365188,0.8694882586002349,0.0,0.0792969257934653,0.09226622606218458,0.0,0.04751564572820111,0.15506123132105615,0.09353500722622679,0.16877427389332972,0.09353500722622679
