epoch,train_loss,val_loss,iou_class_0,iou_class_1,iou_class_2,iou_class_3,iou_class_4,iou_class_5,miou,macro_f1,rare_miou
1,0.8448914107680321,0.838497756242752,0.0,0.027306016053274068,0.09623519359624398,0.0,0.05100730666861069,0.09242104858837796,0.06674239122662667,0.1237505397779667,0.06674239122662667
2,0.837256710767746,0.8361229281425476,0.0,0.04566131377762759,0.14727927575062794,0.0,0.051817360867077986,0.10681508066347895,0.08789325776470311,0.15890567820893078,0.08789325776470311
3,0.8350371255874633,0.8341697033643722,0.0,0.05984540995327941,0.15291168627322835,0.0,0.05438671744248556,0.1373329441974562,0.10111918946661239,0.18071420618296222,0.10111918946661239
