epoch,train_loss,val_loss,iou_class_0,iou_class_1,iou_class_2,iou_class_3,iou_class_4,iou_class_5,miou,macro_f1,rare_miou
1,0.7378746720552445,0.7262456905841828,0.0,0.006944126055623625,0.11133908712093353,0.0,0.048245090014077195,0.05797380918289828,0.056125528093383156,0.10395125273072339,0.056125528093383156
2,0.7264009603857994,0.7235557017326355,0.0,0.03089459788153952,0.16795775191864631,0.0,0.055661825788125265,0.08909104513044976,0.08590130517969022,0.154151720096306,0.08590130517969022
3,0.7244498353004456,0.7228046863079071,0.0,0.06596126012177854,0.1500631031570557,0.0,0.054742995364455045,0.12486810989505623,0.09890886713458638,0.17763536334574842,0.09890886713458638
