epoch,train_loss,val_loss,iou_class_0,iou_class_1,iou_class_2,iou_class_3,iou_class_4,iou_class_5,miou,macro_f1,rare_miou
1,0.8805435252189636,0.874877299785614,0.0,0.05003486728030314,0.10767054147570033,0.0,0.04393867704833063,0.10502882055362685,0.07666822658949024,0.1409953547620853,0.07666822658949024
2,0.8729078063368797,0.8733715572357178,0.0,0.05157741958625255,0.13138360841788066,0.0,0.033048342587117696,0.12685319785554738,0.08571564211169957,0.15486910333358944,0.08571564211169957
3,0.8703215198516846,0.8707004373073578,0.0,0.07173924480092252,0.16450845197510094,0.0,0.04700015828143165,0.13638731747979665,0.10490879313431295,0.18655722066381195,0.10490879313431295
