epoch,train_loss,val_loss,iou_class_0,iou_class_1,iou_class_2,iou_class_3,iou_class_4,iou_class_5,miou,macro_f1,rare_miou
1,0.6761997055411338,0.6634352320432663,0.0,0.0,0.001759393846328601,0.0,0.0232017735808702,0.01974074227190717,0.011175477424776493,0.021895275630478807,0.011175477424776493
2,0.6626478320956231,0.6587037743330002,0.0,0.023624133467104656,0.1613390074001754,0.0,0.05726983334638968,0.08485529597274818,0.08177206754660449,0.1471948200886278,0.08177206754660449
3,0.6597728873491288,0.6577518497705459,0.0,0.05579785151847483,0.17845683221393474,0.0,0.054783532196654716,0.10073297640523564,0.09744279808357499,0.17386713126123665,0.09744279808357499
