epoch,train_loss,val_loss,iou_class_0,iou_class_1,iou_class_2,iou_class_3,iou_class_4,iou_class_5,miou,macro_f1,rare_miou
1,0.8460479735136032,0.8396744940280915,0.0,0.004961690138305177,0.08045268726319975,0.0,0.04772435957638223,0.10090796881760357,0.058511676448872674,0.10830428108349624,0.058511676448872674
2,0.8372252627015114,0.8364250175952911,0.0,0.04505442130713741,0.14742937048932575,0.0,0.053010679006553214,0.13066196611473574,0.09403910922943803,0.16875153587112296,0.09403910922943803
3,0.8347073367834091,0.8340721219778061,0.0,0.0782479284608767,0.1315723643976817,0.0,0.04481959245821966,0.14862122022297408,0.10081527638493804,0.18056569318667443,0.10081527638493804
