epoch,train_loss,val_loss,iou_class_0,iou_class_1,iou_class_2,iou_class_3,iou_class_4,iou_class_5,miou,macro_f1,rare_miou
1,0.7746146751046181,0.7648402066230774,0.0,0.002530077534634126,0.07871291352853561,0.0,0.04009895014905845,0.053661039947653325,0.043750745289970375,0.08248708809279857,0.043750745289970375
2,0.7637956389784812,0.7614192640781403,0.0,0.039402648925994356,0.14067429467306575,0.0,0.054426339962958786,0.10829379835902592,0.0856992704802612,0.1552818427888964,0.0856992704802612
3,0.7617283092141152,0.760719602227211,0.0,0.07420028319153675,0.12421079931701466,0.0,0.05520952886935451,0.13588690075604845,0.0973768780334886,0.17575679489177234,0.0973768780334886
4,0.7593486480712891,0.7578251645565033,0.0,0.08683723644983624,0.16176609534093409,0.0,0.06180248540445845,0.14228160521039618,0.11317185560140623,0.20095247476605935,0.11317185560140623
