epoch,train_loss,val_loss,iou_class_0,iou_class_1,iou_class_2,iou_class_3,iou_class_4,iou_class_5,miou,macro_f1,rare_miou
1,0.8098508979678154,0.8031314547061921,0.0,0.018242520831295447,0.07539009450176662,0.0,0.05515199042213016,0.08530892574156584,0.05852338287418952,0.10944658498656548,0.05852338287418952
2,0.8008162279725075,0.8007458627223969,0.0,0.05585199429060889,0.05618424796559696,0.0,0.05233297997957148,0.08362133981460601,0.061997640512595834,0.11649595528574624,0.061997640512595834
3,0.7979662076830863,0.7965516576766968,0.0,0.06792221062980558,0.12451746375507369,0.0,0.05133385873505624,0.13132291949824446,0.093774113154545,0.16961916525298887,0.093774113154545
