epoch,train_loss,val_loss,iou_class_0,iou_class_1,iou_class_2,iou_class_3,iou_class_4,iou_class_5,miou,macro_f1,rare_miou
1,0.8804610738158226,0.8758359858989716,0.0,0.04072931237828794,0.034831588603044944,0.0,0.048495239569524125,0.10257306817990419,0.0566573021826903,0.1060386998033941,0.0566573021826903
2,0.8732494527101516,0.8727373780012131,0.0,0.05981961262521291,0.048012992723592905,0.0,0.04026865289229179,0.11979706413568075,0.06697458059419459,0.12397373306350976,0.06697458059419459
3,0.8705229140520095,0.8705845907926559,0.0,0.06610959739510007,0.17104782026555335,0.0,0.061532929378961286,0.13062150712929294,0.1073279635422269,0.19078542820274674,0.1073279635422269
