epoch,train_loss,val_loss,iou_class_0,iou_class_1,iou_class_2,iou_class_3,iou_class_4,iou_class_5,miou,macro_f1,rare_miou
1,0.8800860106945038,0.8816266242265701,0.0,0.04743950144013186,0.01132663503861639,0.0,0.04672465253296649,0.08889723671247197,0.04859700643104668,0.09138465508912062,0.04859700643104668
2,0.873277466237545,0.8733735432624817,0.0,0.049930489327655654,0.10222554160277772,0.0,0.04359814155988913,0.13420763592113477,0.08249045210286432,0.15020231761649544,0.08249045210286432
3,0.8716244594454765,0.8716689424514771,0.0,0.07188824281470943,0.14856423306919697,0.0,0.04847938899524177,0.13310658778490095,0.10050961316601228,0.18006149950825115,0.10050961316601228
4,0.8697282354235649,0.8698818826675415,0.0,0.08183024220443896,0.14126467772544887,0.0,0.05437552678345064,0.1365956268246596,0.10351651838449952,0.18558527556132284,0.10351651838449952
