epoch,train_loss,val_loss,iou_class_0,iou_class_1,iou_class_2,iou_class_3,iou_class_4,iou_class_5,miou,macro_f1,rare_miou
1,0.7744160836935043,0.7664414764642715,0.0,0.02564947629491595,0.05871169929523283,0.0,0.04761889752495288,0.09236928606832356,0.056087339795856304,0.1052384500533864,0.056087339795856304
2,0.7635891887545586,0.7615154144763947,0.0,0.04460026424620675,0.1392980527410433,0.0,0.055807745243282254,0.11044852097774234,0.08753864580206866,0.15864170932123603,0.08753864580206866
3,0.7614534079432488,0.7633044117689133,0.0,0.06356294012191809,0.12966938844270165,0.0,0.052662997650806974,0.1413412438120264,0.09680914250686329,0.1742078061182128,0.09680914250686329
4,0.7591769751906395,0.7578952947854996,0.0,0.09211852864482595,0.18660286003067136,0.0,0.05480614223711463,0.14383934670827284,0.1193417194052212,0.20965818996740124,0.1193417194052212
