epoch,train_loss,val_loss,iou_class_0,iou_class_1,iou_class_2,iou_class_3,iou_class_4,iou_class_5,miou,macro_f1,rare_miou
1,0.8440272761583328,0.8389483182430267,0.0,0.026161770028231852,0.059248724231214425,0.0,0.04273840511001996,0.06702968124907696,0.048794645154635795,0.09261754710984926,0.048794645154635795
2,0.8364403699040412,0.835384397983551,0.0,0.05734387121312398,0.07276027660611012,0.0,0.05473744829575327,0.12659800779102892,0.07785990097650408,0.14316393793026064,0.07785990097650408
3,0.8333008521795273,0.83228482234478,0.0,0.08013646138988217,0.15440745388976942,0.0,0.06476841201302001,0.14660122983095933,0.11147838928090772,0.1983158119440414,0.11147838928090772
