epoch,train_loss,val_loss,iou_class_0,iou_class_1,iou_class_2,iou_class_3,iou_class_4,iou_class_5,miou,macro_f1,rare_miou
1,0.7737967388033867,0.7651445691585541,0.0,0.02658086286736621,0.07902232458046206,0.0,0.037812972870977846,0.07191266238277623,0.05383220567539558,0.10132557569984965,0.05383220567539558
2,0.7639942891001701,0.7617854931354523,0.0,0.023160414611173383,0.12450643479679631,0.0,0.05532495945814089,0.09379908812585543,0.07419772424799151,0.13576850205743668,0.07419772424799151
3,0.761247784614563,0.7591459293365479,0.0,0.07816634810587647,0.15384438079871685,0.0,0.05873049147134572,0.1319093067778311,0.10566263178844254,0.18892044731435875,0.10566263178844254
