epoch,train_loss,val_loss,iou_class_0,iou_class_1,iou_class_2,iou_class_3,iou_class_4,iou_class_5,miou,macro_f1,rare_miou
1,0.8795579296350479,0.8756943612098694,0.0,0.03210947307141994,0.04325724737048327,0.0,0.04657116593409129,0.11043526191773201,0.05809328707343163,0.10826260413454727,0.05809328707343163
2,0.8729579856395722,0.8723283276557923,0.0,0.05804346998850067,0.10390076901465471,0.0,0.050123338231175464,0.10680665931222749,0.07971855913663958,0.1466057322201969,0.07971855913663958
3,0.8705582240223885,0.8697272547483444,0.0,0.0743760510498977,0.1285522229301854,0.0,0.05032408355037431,0.1430316799783673,0.09907100937720617,0.17809134809637162,0.09907100937720617
