epoch,train_loss,val_loss,iou_class_0,iou_class_1,iou_class_2,iou_class_3,iou_class_4,iou_class_5,miou,macro_f1,rare_miou
1,0.809834161221981,0.8008949929475784,0.0,0.03886942975127088,0.11771379007554418,0.0,0.04818359784783977,0.1048147154188567,0.07739538327337789,0.14178560901370899,0.07739538327337789
2,0.8001233975291252,0.7982380087375641,0.0,0.05602624273652737,0.14415475549968693,0.0,0.05269628731041149,0.11862851050802237,0.09287644901366204,0.16757638147159193,0.09287644901366204
3,0.7976108477711678,0.7970316410064697,0.0,0.07871936346975052,0.15641777810741947,0.0,0.056751011705298865,0.14624403067702377,0.10953304598987315,0.19476208203212608,0.10953304598987315
