epoch,train_loss,val_loss,iou_class_0,iou_class_1,iou_class_2,iou_class_3,iou_class_4,iou_class_5,miou,macro_f1,rare_miou
1,0.7723819031715393,0.7647483185529709,0.0,0.03608111172173663,0.08315144329111794,0.0,0.05286871567609165,0.09072523702305295,0.06570662692799979,0.12249272785362877,0.06570662692799979
2,0.763524090051651,0.7606526527404786,0.0,0.03988053726630247,0.15710636095312625,0.0,0.056422202904002274,0.09124506358061125,0.08616354117601056,0.15557530347647577,0.08616354117601056
3,0.7608061934113503,0.7588838794231415,0.0,0.07348393880259604,0.1567009750138424,0.0,0.05906453893094314,0.1296038695751285,0.10471333058062751,0.18721520640744965,0.10471333058062751
