epoch,train_loss,val_loss,iou_class_0,iou_class_1,iou_class_2,iou_class_3,iou_class_4,iou_class_5,miou,macro_f1,rare_miou
1,0.9152828470468521,0.9172610515356063,0.0,0.022556035386050284,0.0788894244174306,0.0,0.022102867838737522,0.10278943805839733,0.05658444142515393,0.10500645697200331,0.05658444142515393
2,0.9091588173508645,0.9095002578496933,0.0,0.05689875932397758,0.0496197650923947,0.0,0.042081504241545456,0.10494440653032765,0.06338610879706134,0.1182344370164433,0.06338610879706134
3,0.9066450897455215,0.9070527211427689,0.0,0.06520036779054901,0.09732371426511702,0.0,0.04142798443978627,0.11921738851028653,0.08079236375143471,0.14809994234106388,0.08079236375143471
